Episode,Build,Reward,APFD,Improvement
0,574121126,52.98904309715121,0.5206677265500795,0.016693163751987372
1,572663090,46.598335067637876,0.5233592880978866,0.0022246941045607205
2,617639585,32.09297052154195,0.5285714285714286,-0.02857142857142858
3,572274981,49.56163265306123,0.5455357142857142,0.04107142857142854
4,572713811,47.42612244897959,0.5401785714285714,0.03749999999999998
5,572158302,49.02237654320987,0.5210573476702509,0.03853046594982085
6,774446822,35.3856,0.5777777777777777,-0.0311111111111112
7,572117344,34.20408163265306,0.55,-0.021428571428571463
8,620535556,44.642092746730086,0.5293742017879949,0.005108556832694733
9,572177292,52.841049382716044,0.4968637992831541,0.018817204301075252
10,774589874,37.209599999999995,0.4822222222222222,-0.09999999999999998
11,774584481,39.10879999999999,0.5666666666666667,-0.05111111111111111
12,572735102,46.13061224489796,0.54375,0.021428571428571352
13,572642875,49.742040816326536,0.5151785714285714,0.011607142857142816
14,572710446,46.73795918367346,0.532142857142857,0.02678571428571419
15,573777039,31.94784580498866,0.5333333333333333,-0.021428571428571463
16,706168614,32.879818594104314,0.5428571428571428,-0.014285714285714346
17,565766526,48.95684113865932,0.5146627565982405,-0.0009775171065493637
18,617631185,43.6513671875,0.4876077586206896,-0.022629310344827624
19,774371009,35.571200000000005,0.528888888888889,-0.0888888888888888
20,573777420,55.95844875346259,0.5191729323308271,0.012030075187969835
21,572158302,50.893518518518526,0.5165770609318996,0.03405017921146952
22,565766526,47.739210284664836,0.510752688172043,-0.004887585532746819
23,683739035,31.240362811791385,0.5666666666666668,0.009523809523809601
24,572274038,48.62775510204082,0.5169642857142857,0.008928571428571397
25,572132189,45.2229938271605,0.4861111111111111,0.011648745519713288
26,774621349,33.0096,0.5955555555555556,-0.026666666666666616
27,573676948,48.54938775510203,0.5223214285714286,0.016964285714285765
28,620533797,55.03047091412741,0.5277777777777778,0.016081871345029253
29,572569256,32.97732426303855,0.530952380952381,-0.023809523809523836
30,707534724,36.08390022675737,0.5714285714285715,0.0
31,572741130,46.41714285714287,0.5348214285714286,0.02857142857142858
32,565766526,44.3305785123967,0.5175953079178885,0.0019550342130987275
33,571734323,57.25462962962963,0.49955197132616486,0.024193548387096753
34,774260344,32.6688,0.5222222222222223,-0.0955555555555555
35,572723377,54.1134693877551,0.5008928571428571,-0.0008928571428571397
36,774371009,35.0144,0.5555555555555556,-0.06222222222222218
37,617681746,50.36524453694068,0.5088987764182424,-0.012235817575083408
38,774620167,32.4256,0.6044444444444445,0.022222222222222254
39,774605807,32.83839999999999,0.5888888888888889,-0.020000000000000018
40,688072357,36.59410430839003,0.5595238095238095,0.004761904761904745
41,572710446,49.298775510204095,0.5169642857142857,0.011607142857142816
42,774621349,35.081599999999995,0.6177777777777778,-0.004444444444444473
43,619575286,53.18040816326531,0.5199134199134199,0.0051948051948051965
44,617639585,37.369614512471664,0.5404761904761904,-0.01666666666666672
45,683365076,32.31519274376417,0.5595238095238095,0.01904761904761909
46,774590033,36.51200000000001,0.5555555555555556,-0.053333333333333344
47,683358906,37.25396825396826,0.5452380952380952,-0.014285714285714346
48,573676948,42.432653061224485,0.5258928571428572,0.020535714285714324
49,574121126,47.7618699780862,0.5294117647058824,0.025437201907790197
50,774621409,30.328000000000003,0.5844444444444445,-0.022222222222222143
51,572723377,59.70857142857144,0.5008928571428571,-0.0008928571428571397
52,571734935,43.38503086419753,0.5112007168458781,0.035842293906809986
53,565766526,46.961432506887064,0.5234604105571847,0.00782013685239491
54,572177292,48.176697530864196,0.5300179211469533,0.05197132616487449
55,774445831,32.608000000000004,0.5222222222222223,-0.08666666666666667
56,573776679,40.12244897959184,0.5642857142857144,0.0071428571428572285
57,572139050,49.23765432098765,0.5103046594982078,0.024193548387096697
58,571829234,51.082644628099175,0.5198863636363636,0.0028409090909090606
59,774371009,34.934400000000004,0.5955555555555556,-0.022222222222222143
60,573777039,35.75283446712019,0.5404761904761904,-0.014285714285714346
61,618058102,55.49722991689752,0.5071428571428572,0.00300751879699257
62,774589874,34.495999999999995,0.5911111111111111,0.008888888888888946
63,774445831,33.742399999999996,0.6311111111111112,0.022222222222222254
64,573776679,33.374149659863946,0.5666666666666668,0.009523809523809601
65,774266796,33.0272,0.5733333333333334,-0.03555555555555556
66,572274981,52.483265306122455,0.5160714285714285,0.011607142857142816
67,706168614,39.21541950113378,0.5666666666666668,0.009523809523809601
68,572713811,53.154285714285734,0.5258928571428572,0.023214285714285743
69,774590033,38.900800000000004,0.5355555555555556,-0.07333333333333336
70,617692529,49.48907388137358,0.5467185761957731,0.025583982202447286
71,774620167,36.3856,0.6111111111111112,0.028888888888888964
72,572659799,46.754325259515575,0.50426944971537,-0.000948766603415474
73,572139050,43.114969135802475,0.5353942652329748,0.04928315412186374
74,572713811,42.704489795918356,0.5258928571428572,0.023214285714285743
75,572266708,44.27428571428571,0.5392857142857143,0.04375000000000001
76,774251100,36.22240000000001,0.5666666666666667,-0.05555555555555558
77,572687246,47.92000000000001,0.5267857142857142,0.021428571428571352
78,571829234,46.24701561065197,0.5246212121212122,0.007575757575757569
79,572665755,49.112653061224485,0.5008928571428571,-0.002678571428571419
80,573732851,55.08734693877552,0.5232142857142856,0.024999999999999967
81,683358906,34.956916099773245,0.5285714285714286,-0.030952380952380953
82,572663090,43.80228928199792,0.5166852057842046,-0.004449388209121219
83,573777420,54.285318559556785,0.5169172932330828,0.009774436090225547
84,572270296,46.57714285714287,0.532142857142857,0.03124999999999989
85,617010721,57.396814404432135,0.5251879699248121,0.021804511278195493
86,774258146,35.02560000000001,0.5844444444444445,0.008888888888888946
87,587277184,45.50156087408949,0.5311059907834101,0.027649769585253448
88,774588572,37.879999999999995,0.56,-0.026666666666666616
89,572663090,42.220603537981276,0.5300333704115684,0.008898776418242549
90,746705132,50.88385682980278,0.5301158301158301,0.004633204633204602
91,774588572,34.3184,0.6622222222222223,0.0755555555555556
92,774602173,30.505599999999998,0.6133333333333333,0.004444444444444362
93,572710446,51.439183673469394,0.5178571428571428,0.012499999999999956
94,572177292,52.27469135802469,0.5219534050179211,0.043906810035842236
95,572166969,46.47591836734694,0.5095238095238095,0.03619047619047616
96,574121126,56.39517896274652,0.5238473767885533,0.019872813990461147
97,574121126,55.57633308984661,0.5127186009538951,0.008744038155802936
98,572735102,56.770612244897976,0.5401785714285714,0.017857142857142794
99,774258146,34.0016,0.5777777777777777,0.0022222222222221255
100,572219491,50.554285714285726,0.5133928571428571,0.006249999999999978
101,617692529,48.68262226847034,0.528921023359288,0.007786429365962189
102,774445899,29.739200000000004,0.6377777777777778,0.026666666666666616
103,617692529,46.383975026014575,0.511123470522803,-0.010011123470522798
104,683722377,33.99319727891156,0.5626566416040101,-0.020050125313283207
105,774589874,31.4032,0.4822222222222222,-0.09999999999999998
106,620485513,52.95844875346259,0.5014619883040936,-0.013157894736842146
107,572180209,35.54875283446712,0.55,-0.014285714285714346
108,774258626,33.0128,0.548888888888889,-0.05999999999999994
109,620590707,51.38019390581716,0.5219298245614036,0.003654970760234022
110,572713811,51.83346938775511,0.5196428571428571,0.016964285714285654
111,570814567,45.55632716049384,0.5157407407407406,0.022222222222222088
112,774602173,33.872,0.5888888888888889,-0.020000000000000018
113,774588679,23.9196675900277,0.5657894736842105,-0.09210526315789469
114,574121126,52.21402483564646,0.5246422893481717,0.020667726550079535
115,574121126,54.577063550036534,0.5166931637519873,0.012718600953895098
116,572266708,44.32897959183674,0.5187499999999999,0.023214285714285687
117,620485513,45.6814404432133,0.5182748538011696,0.0036549707602338
118,774588572,34.667199999999994,0.5866666666666667,0.0
119,573732851,46.524897959183676,0.4991071428571429,0.0008928571428572507
120,572687246,53.697959183673476,0.50625,0.0008928571428571397
121,683739035,35.954648526077094,0.5452380952380952,-0.011904761904761973
122,574118362,50.9627465303141,0.5278219395866454,0.015103338632750263
123,774616816,33.614399999999996,0.5711111111111111,-0.05555555555555558
124,572669556,52.21551020408163,0.5133928571428571,0.004464285714285698
125,572723377,50.760816326530616,0.5133928571428571,0.011607142857142816
126,574118362,53.61212563915268,0.5405405405405405,0.02782193958664536
127,617639585,36.990929705215414,0.5428571428571428,-0.014285714285714346
128,572270296,46.91673469387756,0.5017857142857143,0.0008928571428571397
129,572274981,52.78775510204084,0.5187499999999999,0.014285714285714235
130,572642875,46.949387755102045,0.5223214285714286,0.018750000000000044
131,572261080,34.73242630385487,0.5452380952380952,-0.011904761904761973
132,774616816,35.0112,0.4622222222222222,-0.1644444444444445
133,774621409,30.676800000000004,0.5644444444444445,-0.04222222222222216
134,688072357,32.723356009070294,0.5333333333333333,-0.021428571428571463
135,573430804,35.50347222222222,0.5317028985507247,-0.0036231884057971175
136,572570072,49.86612244897958,0.5160714285714285,0.005357142857142838
137,774445831,30.4384,0.5066666666666667,-0.10222222222222221
138,774258146,32.123200000000004,0.5777777777777777,0.0022222222222221255
139,572641150,55.34612244897959,0.5258928571428572,0.024107142857142883
140,572274981,48.39265306122449,0.5232142857142856,0.018749999999999933
141,572710446,45.77795918367348,0.5214285714285714,0.016071428571428514
142,565766526,40.233241505968785,0.543010752688172,0.027370478983382185
143,572723377,48.06775510204082,0.5125,0.010714285714285676
144,571734323,45.36111111111111,0.5282258064516129,0.052867383512544774
145,572659799,41.62283737024222,0.5355787476280834,0.030360531309297945
146,774241138,37.5296,0.5622222222222222,-0.03333333333333344
147,573677038,50.22285714285716,0.5446428571428571,0.0401785714285714
148,683365076,30.802721088435373,0.5595238095238095,0.01904761904761909
149,620591648,50.39681440443214,0.527046783625731,0.00877192982456143
150,572274981,44.18122448979592,0.5267857142857142,0.022321428571428492
151,706168614,31.396825396825395,0.5666666666666668,0.009523809523809601
152,617681746,47.60874089490115,0.53559510567297,0.014460511679644128
153,617680618,54.180055401662045,0.5251879699248121,0.021052631578947434
154,573676948,57.485714285714295,0.5285714285714285,0.023214285714285632
155,573612979,50.67020408163266,0.5410714285714285,0.03303571428571428
156,573676948,50.56081632653063,0.5446428571428571,0.03928571428571426
157,774621349,33.424,0.5844444444444445,-0.03777777777777769
158,572132189,42.752314814814824,0.5138888888888888,0.03942652329749102
159,574118050,54.13075237399561,0.5373608903020667,0.031001589825119136
160,774258146,34.5968,0.5044444444444445,-0.07111111111111112
161,774266796,33.74880000000001,0.6511111111111112,0.04222222222222227
162,568334975,16.816568047337277,0.6188811188811189,0.013986013986013957
163,773587767,32.443200000000004,0.5844444444444445,-0.008888888888888724
164,568334975,18.958579881656803,0.6398601398601399,0.034965034965035
165,574186282,52.492330168005836,0.5325914149443561,0.02384737678855331
166,774445831,28.592,0.6066666666666667,-0.0022222222222222365
167,774266440,30.4272,0.6088888888888889,0.004444444444444473
168,571829234,53.2690541781451,0.5179924242424243,0.0009469696969697239
169,683358906,30.01360544217687,0.55,-0.00952380952380949
170,573676948,47.6261224489796,0.5366071428571428,0.03125
171,572641150,44.74530612244898,0.5080357142857143,0.006249999999999978
172,683365076,30.773242630385486,0.5595238095238095,0.01904761904761909
173,617680618,55.55401662049861,0.5026315789473684,-0.0015037593984962294
174,620590707,54.4702216066482,0.5175438596491229,-0.0007309941520466934
175,774601140,35.433600000000006,0.508888888888889,-0.10888888888888881
176,774260344,33.0048,0.508888888888889,-0.10888888888888881
177,617010721,55.25484764542936,0.5274436090225564,0.02406015037593978
178,617681746,49.95421436004163,0.5266963292547275,0.00556173526140169
179,570814567,55.30092592592592,0.5064814814814814,0.012962962962962898
180,683358906,33.9546485260771,0.5666666666666668,0.0071428571428572285
181,774445831,30.083199999999998,0.6000000000000001,-0.008888888888888835
182,703066934,30.517006802721088,0.55,-0.00952380952380949
183,617696903,50.26774691358024,0.5265151515151515,0.021043771043771087
184,572663312,47.466262975778555,0.5403225806451613,0.026565464895635715
185,572118894,49.50308641975309,0.48879928315412186,0.010752688172043001
186,706168614,33.2108843537415,0.5452380952380952,-0.011904761904761973
187,571173535,42.01851851851851,0.487037037037037,-0.005555555555555647
188,619575286,51.62040816326531,0.5225108225108225,0.007792207792207795
189,774616590,34.256,0.56,-0.057777777777777706
190,573732851,52.85714285714286,0.5026785714285714,0.004464285714285754
191,774266796,26.065599999999996,0.5555555555555556,-0.053333333333333344
192,774266796,29.604799999999997,0.5666666666666667,-0.04222222222222227
193,572266708,48.574693877551034,0.5125,0.01696428571428571
194,774588679,25.991689750692522,0.5614035087719298,-0.0964912280701754
195,574121126,56.21110299488678,0.519872813990461,0.015898251192368873
196,572710446,48.61795918367347,0.5187499999999999,0.013392857142857095
197,572570072,51.62367346938775,0.5223214285714286,0.011607142857142927
198,572274038,52.150204081632644,0.5196428571428571,0.011607142857142816
199,683711413,28.841269841269845,0.5666666666666668,0.0071428571428572285
200,572274981,52.09306122448981,0.5223214285714286,0.017857142857142905
201,703066934,26.961451247165535,0.5666666666666668,0.0071428571428572285
202,572118894,54.455246913580254,0.5040322580645161,0.02598566308243727
203,774241138,28.9632,0.5933333333333333,-0.0022222222222223476
204,774601140,31.8816,0.5666666666666667,-0.05111111111111111
205,574118187,62.24689554419284,0.49443561208267084,-0.019077901430842648
206,683739035,30.090702947845802,0.5690476190476191,0.011904761904761973
207,774616816,30.041599999999992,0.5755555555555556,-0.05111111111111111
208,703066934,32.34693877551021,0.5523809523809524,-0.0071428571428571175
209,573677038,47.96571428571429,0.5241071428571429,0.019642857142857184
210,573677309,56.73387755102041,0.5116071428571428,0.0017857142857142794
211,683739035,27.723356009070294,0.5380952380952381,-0.01904761904761909
212,572580658,48.81141868512109,0.5289373814041745,0.024667931688804434
213,617010721,62.25138504155124,0.5304511278195488,0.02706766917293224
214,572274038,54.536326530612264,0.5098214285714285,0.0017857142857142794
215,774251100,30.0832,0.5377777777777778,-0.08444444444444443
216,573430804,34.48263888888889,0.529891304347826,-0.005434782608695787
217,574186282,51.71292914536158,0.5349761526232114,0.026232114467408585
218,572228782,51.93795918367348,0.5348214285714286,0.02946428571428572
219,573024295,28.60090702947846,0.5404761904761904,-0.023809523809523947
220,574121126,56.53981008035063,0.5166931637519873,0.012718600953895098
221,706168614,31.015873015873012,0.5357142857142857,-0.021428571428571463
222,572569256,25.888888888888882,0.5333333333333333,-0.021428571428571463
223,572132189,41.34413580246915,0.507616487455197,0.033154121863799235
224,571827697,42.986149584487535,0.47665534804753823,0.02971137521222411
225,572735102,46.248979591836736,0.5339285714285713,0.011607142857142705
226,774445899,33.6176,0.45333333333333337,-0.1577777777777778
227,617631185,46.7548828125,0.5134698275862069,0.003232758620689613
228,774616590,29.526399999999995,0.5822222222222222,-0.03555555555555556
229,746705132,54.92184075967858,0.5223938223938224,-0.003088803088803105
230,680844288,27.71655328798186,0.5428571428571428,-0.004761904761904856
231,683358906,25.47619047619047,0.5238095238095238,-0.0357142857142857
232,572180043,45.35648148148149,0.4923835125448029,0.006272401433691788
233,572132481,48.20370370370372,0.5112007168458781,0.03136200716845877
234,587286221,39.5363511659808,0.5242165242165242,-0.002849002849002802
235,568299456,23.124260355029584,0.6258741258741258,0.020979020979020935
236,572166969,39.08489795918368,0.4895238095238095,0.0161904761904762
237,706168614,30.702947845804992,0.5523809523809524,-0.004761904761904745
238,774260344,33.8272,0.5533333333333333,-0.06444444444444442
239,616644235,33.73922902494331,0.55,-0.014285714285714346
240,774445899,30.2192,0.5244444444444445,-0.08666666666666667
241,573677309,54.380408163265315,0.5125,0.002678571428571419
242,617639585,34.811791383219955,0.5404761904761904,-0.01666666666666672
243,574118362,54.57925493060629,0.5238473767885533,0.011128775834658211
244,774621409,33.27680000000001,0.5244444444444445,-0.0822222222222222
245,774590033,34.547200000000004,0.5444444444444445,-0.06444444444444442
246,774371009,33.8192,0.5466666666666666,-0.07111111111111112
247,688072357,37.419501133786845,0.5333333333333333,-0.021428571428571463
248,574118362,52.28195763330898,0.5182829888712241,0.00556438791732905
249,620533797,51.11772853185597,0.5175438596491229,0.005847953216374324
250,683365076,30.870748299319725,0.5428571428571428,0.0023809523809523725
251,572118894,48.57175925925926,0.5228494623655913,0.04480286738351241
252,572117344,30.496598639455783,0.530952380952381,-0.040476190476190554
253,774258626,33.096000000000004,0.5444444444444445,-0.06444444444444442
254,572687246,52.360816326530625,0.5196428571428571,0.014285714285714235
255,774266796,37.648,0.5444444444444445,-0.06444444444444442
256,774446822,32.528000000000006,0.5311111111111111,-0.07777777777777783
257,774616590,34.152,0.5622222222222222,-0.05555555555555558
258,587270777,44.227777777777774,0.5345238095238095,0.017857142857142794
259,774258626,35.391999999999996,0.5733333333333334,-0.03555555555555556
260,573777039,32.517006802721085,0.530952380952381,-0.023809523809523836
261,703066934,33.07256235827665,0.5238095238095238,-0.0357142857142857
262,573676948,51.88000000000002,0.5107142857142857,0.005357142857142838
263,774445831,34.0416,0.5155555555555555,-0.09333333333333338
264,774588803,33.052800000000005,0.5066666666666667,-0.07111111111111101
265,572117344,33.20861678004536,0.5714285714285715,0.0
266,774616816,33.163199999999996,0.5777777777777777,-0.04888888888888898
267,688072357,31.730158730158728,0.5690476190476191,0.014285714285714346
268,774602173,30.827199999999998,0.5355555555555556,-0.07333333333333336
269,688072357,26.26303854875283,0.5690476190476191,0.014285714285714346
270,572164834,44.63503086419753,0.5192652329749103,0.03942652329749102
271,774616816,35.113600000000005,0.5622222222222222,-0.06444444444444453
272,683711413,27.605442176870746,0.5238095238095238,-0.0357142857142857
273,573676948,49.89632653061224,0.53125,0.025892857142857162
274,572687246,51.99020408163266,0.5276785714285714,0.022321428571428603
275,572166969,44.542857142857144,0.5019047619047619,0.028571428571428525
276,774602173,34.816,0.5577777777777778,-0.05111111111111111
277,573024295,28.08843537414966,0.55,-0.014285714285714346
278,620590707,47.973684210526315,0.5255847953216375,0.007309941520467933
279,570814567,44.88888888888889,0.5398148148148147,0.046296296296296224
280,574186282,46.25931336742147,0.519872813990461,0.011128775834658211
281,572665755,50.80244897959184,0.5303571428571427,0.02678571428571419
282,572710446,43.826938775510214,0.5267857142857142,0.021428571428571352
283,774602173,33.0,0.5177777777777778,-0.09111111111111114
284,573024295,29.3718820861678,0.5404761904761904,-0.023809523809523947
285,683365076,34.88662131519274,0.5571428571428572,0.01666666666666672
286,774371009,38.1408,0.5888888888888889,-0.028888888888888853
287,572642875,51.85061224489796,0.5419642857142857,0.03839285714285712
288,572266708,52.80244897959183,0.5366071428571428,0.04107142857142859
289,774588572,32.4592,0.5155555555555555,-0.07111111111111112
290,571829234,47.37465564738292,0.5198863636363636,0.0028409090909090606
291,620591648,53.06301939058172,0.5292397660818714,0.010964912280701844
292,617681746,46.23413111342352,0.5400444938820912,0.018909899888765347
293,774258146,32.038399999999996,0.5511111111111111,-0.02444444444444449
294,620485513,51.5387811634349,0.5409356725146199,0.02631578947368418
295,587286221,47.10288065843622,0.5284900284900285,0.0014245014245014564
296,571734935,42.50540123456791,0.5165770609318996,0.041218637992831486
297,572723377,48.85632653061224,0.5196428571428571,0.017857142857142794
298,617692529,53.91675338189387,0.5400444938820912,0.018909899888765347
299,617696903,55.70447530864197,0.507996632996633,0.002525252525252597
300,572270296,48.036734693877555,0.532142857142857,0.03124999999999989
301,774616816,30.5888,0.5844444444444445,-0.04222222222222216
302,573732851,45.543673469387755,0.50625,0.008035714285714313
303,618058102,56.63642659279779,0.5274436090225564,0.023308270676691722
304,570755878,20.343195266272186,0.5769230769230769,-0.012820512820512886
305,572180043,46.1033950617284,0.4932795698924732,0.007168458781362075
306,774445899,32.7488,0.528888888888889,-0.0822222222222222
307,572228782,41.97795918367346,0.5303571428571427,0.02499999999999991
308,774241138,33.9056,0.528888888888889,-0.06666666666666665
309,619575286,53.32163265306122,0.5415584415584416,0.026839826839826886
310,570817138,47.22067901234569,0.5092592592592592,0.024999999999999967
311,572228782,47.97551020408164,0.54375,0.03839285714285712
312,574121126,58.58509861212565,0.5286168521462639,0.024642289348171698
313,572266708,53.01142857142858,0.5366071428571428,0.04107142857142859
314,774605807,31.72159999999999,0.5977777777777777,-0.011111111111111183
315,617692529,44.84599375650364,0.5489432703003336,0.027808676307007785
316,620480535,55.73753462603878,0.5168128654970761,0.0
317,572117344,27.834467120181408,0.5714285714285715,0.0
318,774251100,28.305600000000002,0.5311111111111111,-0.09111111111111114
319,571734323,43.42978395061729,0.5040322580645161,0.02867383512544802
320,617696903,48.77623456790123,0.5138888888888888,0.008417508417508435
321,572713811,58.12571428571429,0.5178571428571428,0.015178571428571375
322,587271561,39.871111111111105,0.5190476190476191,-0.004761904761904745
323,774616816,28.894400000000005,0.5955555555555556,-0.03111111111111109
324,572759324,50.618775510204095,0.5232142857142856,0.016071428571428514
325,707354621,32.29931972789116,0.5476190476190477,-0.023809523809523836
326,774266796,35.19840000000001,0.52,-0.0888888888888889
327,683358906,32.342403628117914,0.5714285714285715,0.011904761904761973
328,570817138,52.54475308641976,0.4981481481481482,0.01388888888888895
329,620590707,47.699445983379505,0.5255847953216375,0.007309941520467933
330,587271561,42.28999999999999,0.5404761904761906,0.01666666666666672
331,774589874,31.312000000000005,0.5066666666666667,-0.07555555555555549
332,774588679,20.62049861495845,0.5263157894736842,-0.13157894736842102
333,774266440,35.684799999999996,0.5688888888888889,-0.03555555555555556
334,688072357,32.30839002267574,0.5666666666666668,0.011904761904761973
335,572687246,52.620408163265324,0.5303571428571427,0.02499999999999991
336,573777039,31.487528344671205,0.5333333333333333,-0.021428571428571463
337,707534724,26.614512471655328,0.5238095238095238,-0.04761904761904767
338,572570072,50.98775510204082,0.5116071428571428,0.0008928571428571397
339,568334975,21.85798816568047,0.5629370629370629,-0.04195804195804198
340,573612979,45.61714285714286,0.5142857142857142,0.006249999999999978
341,774588679,22.301939058171747,0.513157894736842,-0.14473684210526316
342,572665755,48.38367346938776,0.5053571428571428,0.0017857142857142794
343,570755878,20.035502958579883,0.5641025641025641,-0.02564102564102566
344,619575286,45.8269387755102,0.5077922077922078,-0.006926406926406892
345,572132481,53.12962962962964,0.5237455197132617,0.04390681003584235
346,774588803,29.971199999999996,0.5155555555555555,-0.06222222222222218
347,572132481,49.1844135802469,0.5174731182795698,0.03763440860215045
348,617631185,44.62890625,0.5404094827586207,0.030172413793103425
349,620590707,56.454986149584485,0.5160818713450294,-0.002192982456140191
350,573776679,35.31065759637188,0.5333333333333333,-0.023809523809523836
351,574186282,56.99780861943023,0.5286168521462639,0.019872813990461036
352,574118050,53.67348429510591,0.5206677265500795,0.014308426073131986
353,574121126,53.818115412710014,0.5158982511923688,0.0119236883942766
354,774445831,32.9648,0.528888888888889,-0.07999999999999996
355,572270296,48.89632653061226,0.5169642857142857,0.016071428571428514
356,571173535,45.0625,0.4935185185185185,0.0009259259259258856
357,568299456,17.633136094674555,0.6188811188811189,0.013986013986013957
358,571734935,42.10030864197531,0.5165770609318996,0.041218637992831486
359,572669556,46.85632653061224,0.54375,0.03482142857142856
360,572580658,43.3053633217993,0.52988614800759,0.02561669829222002
361,572219491,48.338775510204094,0.53125,0.024107142857142883
362,774258146,31.3488,0.5955555555555556,0.020000000000000018
363,570817138,51.98148148148149,0.5324074074074074,0.04814814814814822
364,617010721,55.40373961218836,0.5462406015037594,0.042857142857142816
365,616644235,31.714285714285708,0.5714285714285715,0.0071428571428571175
366,572723377,45.47918367346938,0.5169642857142857,0.015178571428571375
367,570755878,22.076923076923077,0.5576923076923076,-0.03205128205128216
368,572735102,47.80897959183674,0.5339285714285713,0.011607142857142705
369,707354621,30.258503401360542,0.5238095238095238,-0.04761904761904767
370,706168614,33.981859410430836,0.5452380952380952,-0.011904761904761973
371,574118050,52.0708546384222,0.5286168521462639,0.02225755166931631
372,572132189,43.067901234567906,0.5183691756272402,0.04390681003584235
373,572732843,32.31972789115646,0.5642857142857144,0.009523809523809601
374,688072357,30.793650793650794,0.5476190476190477,-0.0071428571428571175
375,572665755,46.666938775510204,0.5151785714285714,0.011607142857142816
376,573777039,29.140589569160998,0.5690476190476191,0.014285714285714346
377,617639585,28.757369614512474,0.55,-0.0071428571428571175
378,572118894,52.047839506172835,0.514784946236559,0.03673835125448016
379,587286221,35.718792866941016,0.5213675213675214,-0.005698005698005604
380,572642875,52.35183673469387,0.5116071428571428,0.008035714285714257
381,774266796,32.3632,0.5222222222222223,-0.08666666666666667
382,573777039,33.51473922902494,0.530952380952381,-0.023809523809523836
383,774584481,30.920000000000005,0.5422222222222222,-0.0755555555555556
384,774616816,39.3872,0.54,-0.08666666666666667
385,587277184,43.24661810613944,0.5403225806451613,0.03686635944700456
386,573677309,49.25714285714285,0.5196428571428571,0.009821428571428537
387,573777039,31.802721088435376,0.5285714285714286,-0.02619047619047621
388,573677038,55.424489795918376,0.5294642857142857,0.025000000000000022
389,573612979,43.17469387755102,0.5232142857142856,0.015178571428571375
390,707354621,30.639455782312925,0.5238095238095238,-0.04761904761904767
391,572177292,52.85648148148148,0.5300179211469533,0.05197132616487449
392,572665755,46.382857142857155,0.5285714285714285,0.02499999999999991
393,572710446,55.85551020408164,0.5142857142857142,0.008928571428571397
394,565766526,49.86042240587697,0.5312805474095796,0.01564027370478982
395,774602173,34.870400000000004,0.5333333333333333,-0.0755555555555556
396,774590033,29.529600000000006,0.5466666666666666,-0.06222222222222229
397,573732851,55.0930612244898,0.5160714285714285,0.01785714285714285
398,572570072,53.27020408163265,0.53125,0.020535714285714324
399,572580658,62.13581314878892,0.5270398481973434,0.022770398481973375
400,572219491,56.56163265306123,0.5410714285714285,0.03392857142857142
401,774371009,37.75359999999999,0.52,-0.09777777777777774
402,572569256,31.67800453514739,0.55,-0.004761904761904745
403,572180209,37.82766439909297,0.5357142857142857,-0.028571428571428692
404,573024295,32.92063492063493,0.5523809523809524,-0.011904761904761973
405,570755878,20.14792899408284,0.5833333333333334,-0.0064102564102563875
406,620590707,60.48684210526315,0.5328947368421053,0.014619883040935755
407,574186282,54.28707085463842,0.5325914149443561,0.02384737678855331
408,620485513,52.09418282548477,0.52046783625731,0.005847953216374213
409,571734323,58.842592592592595,0.4986559139784947,0.023297491039426577
410,572741130,54.35346938775511,0.5205357142857142,0.014285714285714235
411,571829234,54.269972451790636,0.5227272727272727,0.005681818181818121
412,572139050,56.768518518518505,0.5192652329749103,0.033154121863799235
413,617680618,56.80886426592798,0.5304511278195488,0.02631578947368418
414,587286221,43.976680384087786,0.5299145299145299,0.002849002849002913
415,572687246,59.05551020408163,0.5366071428571428,0.03125
416,572158302,47.78086419753085,0.507616487455197,0.025089605734766984
417,746705132,57.31190650109569,0.5115830115830116,-0.013899613899613916
418,572158302,49.88425925925925,0.4986559139784947,0.016129032258064613
419,688072357,33.68707482993197,0.5357142857142857,-0.01904761904761909
420,572663090,48.340270551508844,0.528921023359288,0.007786429365962189
421,572118894,59.22993827160494,0.5201612903225805,0.04211469534050166
422,572118894,54.52391975308643,0.5138888888888888,0.035842293906809986
423,565766526,51.327823691460054,0.5351906158357771,0.019550342130987275
424,683739035,31.41269841269842,0.5404761904761904,-0.01666666666666672
425,572669556,53.28734693877552,0.5348214285714286,0.025892857142857162
426,620591648,52.153047091412745,0.5358187134502924,0.01754385964912286
427,688072357,27.403628117913833,0.5523809523809524,-0.0023809523809523725
428,572177292,54.425154320987644,0.5264336917562724,0.04838709677419356
429,774266796,35.2544,0.56,-0.04888888888888887
430,774589874,33.745599999999996,0.49111111111111116,-0.09111111111111103
431,572132189,55.538580246913575,0.49955197132616486,0.02508960573476704
432,572139050,50.440586419753075,0.5353942652329748,0.04928315412186374
433,574118187,61.019722425127846,0.5079491255961844,-0.00556438791732905
434,773587767,32.307199999999995,0.5555555555555556,-0.03777777777777769
435,617696903,55.77854938271606,0.5265151515151515,0.021043771043771087
436,620590707,63.71329639889196,0.5211988304093568,0.0029239766081872176
437,572274981,45.369795918367345,0.5071428571428571,0.002678571428571419
438,572661645,54.83428571428572,0.5071428571428571,0.004464285714285698
439,774445831,36.4064,0.5333333333333333,-0.0755555555555556
440,571734323,43.554783950617285,0.5138888888888888,0.038530465949820736
441,572710446,45.7330612244898,0.5294642857142857,0.024107142857142883
442,774589874,29.2032,0.5644444444444445,-0.01777777777777767
443,570817138,49.746141975308646,0.5333333333333332,0.04907407407407399
444,587286221,40.0,0.5256410256410257,-0.0014245014245013454
445,572641150,47.97795918367346,0.5205357142857142,0.018749999999999933
446,617680618,51.63019390581718,0.5274436090225564,0.023308270676691722
447,617692529,50.55671175858481,0.5333704115684093,0.012235817575083408
448,617639585,32.17460317460317,0.55,-0.0071428571428571175
449,572180209,31.544217687074827,0.5357142857142857,-0.028571428571428692
450,573430804,35.072916666666664,0.5461956521739131,0.010869565217391242
451,774258626,35.3248,0.5555555555555556,-0.053333333333333344
452,572177292,48.22067901234567,0.5273297491039426,0.04928315412186374
453,568334975,20.189349112426033,0.5559440559440559,-0.04895104895104896
454,774266796,29.3424,0.5622222222222222,-0.046666666666666745
455,617696903,45.96064814814815,0.5180976430976431,0.012626262626262652
456,572180043,47.801697530864196,0.5165770609318996,0.030465949820788485
457,571173535,48.55324074074073,0.5407407407407407,0.04814814814814811
458,620533797,49.381578947368425,0.530701754385965,0.01900584795321647
459,572669556,53.03510204081631,0.5303571428571427,0.021428571428571352
460,570755878,22.485207100591715,0.5833333333333334,-0.0064102564102563875
461,774588572,34.14399999999999,0.528888888888889,-0.057777777777777706
462,746705132,51.65668371073777,0.52007722007722,-0.005405405405405461
463,608615216,57.72753834915994,0.5223938223938224,0.00540540540540535
464,572663090,49.830385015608755,0.5478309232480534,0.026696329254727535
465,572219491,53.27020408163266,0.5276785714285714,0.020535714285714324
466,774445899,35.656000000000006,0.528888888888889,-0.0822222222222222
467,572118894,53.510802469135804,0.5129928315412186,0.0349462365591397
468,774588803,29.662400000000005,0.5622222222222222,-0.015555555555555545
469,572663090,52.84183142559835,0.5189098998887653,-0.0022246941045604984
470,773587767,29.6,0.4666666666666667,-0.1266666666666666
471,573024295,35.0453514739229,0.5380952380952381,-0.02619047619047632
472,616644235,30.31065759637188,0.5714285714285715,0.0071428571428571175
473,683711413,34.19727891156463,0.5523809523809524,-0.0071428571428571175
474,774258626,36.4544,0.5933333333333333,-0.015555555555555656
475,688072357,36.09977324263039,0.5476190476190477,-0.0071428571428571175
476,774602173,33.779199999999996,0.5755555555555556,-0.033333333333333326
477,774445831,32.540800000000004,0.5222222222222223,-0.08666666666666667
478,617692529,57.31841831425598,0.5389321468298109,0.017797552836485098
479,573676948,56.34367346938776,0.5178571428571428,0.012499999999999956
480,616644235,31.972789115646258,0.5690476190476191,0.004761904761904745
481,572118894,57.06635802469137,0.5192652329749103,0.041218637992831486
482,572713811,58.2865306122449,0.5294642857142857,0.0267857142857143
483,572723377,54.24816326530613,0.53125,0.02946428571428572
484,572274981,52.72489795918368,0.5089285714285714,0.004464285714285698
485,683711413,35.55328798185941,0.5452380952380952,-0.014285714285714346
486,571827697,50.36218836565097,0.5292869269949066,0.08234295415959253
487,617010721,58.58240997229917,0.5342105263157896,0.03082706766917298
488,620480535,62.76939058171745,0.5241228070175439,0.007309941520467822
489,774266440,34.678399999999996,0.5755555555555556,-0.028888888888888853
490,573677038,53.244081632653085,0.5392857142857143,0.03482142857142856
491,706168614,38.900226757369616,0.5452380952380952,-0.011904761904761973
492,573612979,58.30285714285715,0.5330357142857143,0.025000000000000022
493,573777420,64.5263157894737,0.5199248120300752,0.012781954887218006
494,570817138,48.62114197530863,0.5527777777777777,0.06851851851851848
495,617010721,57.67382271468144,0.5469924812030076,0.043609022556390986
496,774446822,33.729600000000005,0.5622222222222222,-0.046666666666666745
497,572158302,53.11111111111112,0.49596774193548393,0.013440860215053863
498,573732851,56.553469387755115,0.5232142857142856,0.024999999999999967
499,683722377,34.637188208616784,0.5526315789473685,-0.03007518796992481
500,774251100,38.3168,0.5711111111111111,-0.05111111111111111
501,572139050,52.5432098765432,0.5165770609318996,0.030465949820788485
502,572180209,32.82086167800454,0.5476190476190477,-0.01666666666666672
503,774445899,34.3168,0.5533333333333333,-0.05777777777777782
504,774616816,35.3248,0.5666666666666667,-0.06000000000000005
505,573677038,57.15346938775512,0.5383928571428571,0.03392857142857142
506,616644235,35.04081632653062,0.5523809523809524,-0.011904761904761973
507,574118362,53.03725346968591,0.5325914149443561,0.019872813990461036
508,774590033,36.08,0.5377777777777778,-0.07111111111111112
509,774621409,31.502400000000005,0.5577777777777778,-0.04888888888888887
510,774621409,34.8192,0.5555555555555556,-0.05111111111111111
511,774589874,32.4912,0.5044444444444445,-0.07777777777777772
512,572164834,59.42129629629629,0.5309139784946236,0.05107526881720431
513,573732851,62.10122448979593,0.5178571428571428,0.01964285714285713
514,572661645,60.97714285714286,0.5330357142857143,0.03035714285714286
515,707534724,31.1156462585034,0.5238095238095238,-0.04761904761904767
516,572642875,50.15510204081634,0.5446428571428571,0.04107142857142854
517,573612979,53.092244897959176,0.5267857142857142,0.018749999999999933
518,572219491,55.21551020408164,0.5205357142857142,0.013392857142857095
519,774621409,33.1232,0.5266666666666666,-0.08000000000000007
520,587270777,49.715555555555554,0.5273809523809524,0.010714285714285676
521,572713811,54.40571428571428,0.5249999999999999,0.022321428571428492
522,608615216,57.86851716581445,0.5277992277992277,0.0108108108108107
523,774266440,34.232,0.54,-0.06444444444444442
524,706168614,35.03854875283447,0.530952380952381,-0.02619047619047621
525,774371009,36.9488,0.5755555555555556,-0.04222222222222216
526,774584481,35.1024,0.5533333333333333,-0.06444444444444442
527,572117344,30.30385487528345,0.5714285714285715,0.0
528,574118187,56.033601168736304,0.5206677265500795,0.007154213036566048
529,774589874,33.5088,0.5333333333333333,-0.04888888888888887
530,572228782,54.92489795918368,0.5428571428571428,0.03749999999999998
531,774602173,35.4608,0.5533333333333333,-0.05555555555555558
532,774605807,33.72,0.5644444444444445,-0.0444444444444444
533,683711413,32.05215419501134,0.5714285714285715,0.011904761904761973
534,774588679,24.670360110803326,0.513157894736842,-0.14473684210526316
535,774621409,31.433600000000006,0.5266666666666666,-0.08000000000000007
536,618058102,52.528393351800545,0.5259398496240603,0.021804511278195604
537,572661645,65.39265306122451,0.5214285714285714,0.018749999999999933
538,572687246,60.1461224489796,0.5205357142857142,0.015178571428571375
539,620485513,54.17105263157895,0.5197368421052632,0.005116959064327409
540,572270296,55.68000000000001,0.5142857142857142,0.013392857142857095
541,617696903,58.398148148148145,0.5307239057239057,0.025252525252525304
542,774621409,33.99679999999999,0.5333333333333333,-0.07333333333333336
543,618058102,57.48337950138504,0.5154135338345865,0.011278195488721887
544,572661645,50.65142857142858,0.5357142857142856,0.03303571428571417
545,568299456,19.331360946745562,0.6118881118881119,0.006993006993006978
546,572219491,57.47346938775511,0.5089285714285714,0.0017857142857142794
547,573677038,63.03265306122451,0.50625,0.0017857142857142794
548,587286221,46.65020576131688,0.5299145299145299,0.002849002849002913
549,608615216,57.19211102994887,0.5216216216216215,0.004633204633204491
550,774621409,30.308799999999998,0.5422222222222222,-0.06444444444444453
551,774251100,32.7808,0.5311111111111111,-0.09111111111111114
552,774584481,32.7616,0.5622222222222222,-0.05555555555555558
553,572228782,54.423673469387744,0.5232142857142856,0.017857142857142794
554,617639585,39.27210884353741,0.5285714285714286,-0.02857142857142858
555,617680618,54.94806094182826,0.537218045112782,0.03308270676691738
556,570755878,23.69230769230769,0.6025641025641025,0.012820512820512775
557,617631185,53.15625,0.5544181034482758,0.04418103448275856
558,774620167,29.302400000000002,0.56,-0.022222222222222143
559,572158302,55.674382716049394,0.5344982078853047,0.0519713261648746
560,572713811,60.51265306122449,0.5142857142857142,0.011607142857142816
561,774616590,34.369600000000005,0.5,-0.11777777777777776
562,774258626,31.1584,0.5244444444444445,-0.08444444444444443
563,774601140,34.4272,0.5688888888888889,-0.04888888888888887
564,573732851,50.843265306122454,0.5098214285714285,0.011607142857142871
565,572132189,53.53395061728397,0.5255376344086021,0.05107526881720431
566,571173535,51.965277777777786,0.5407407407407407,0.04814814814814811
567,572659799,56.54844290657439,0.527988614800759,0.022770398481973486
568,774588572,33.1568,0.5555555555555556,-0.03111111111111109
569,572570072,59.31755102040817,0.5276785714285714,0.016964285714285765
570,572741130,52.13469387755104,0.5339285714285713,0.02767857142857133
571,774371009,31.232000000000006,0.5800000000000001,-0.03777777777777769
572,620590707,53.414819944598335,0.5423976608187134,0.02412280701754388
573,568334975,23.45562130177515,0.5979020979020978,-0.006993006993007089
574,774241138,32.5232,0.5866666666666667,-0.008888888888888946
575,774588572,31.121600000000008,0.5688888888888889,-0.01777777777777778
576,617692529,48.1207075962539,0.5333704115684093,0.012235817575083408
577,707534724,38.57823129251701,0.5714285714285715,0.0
578,572759324,57.823673469387764,0.5017857142857143,-0.005357142857142838
579,571173535,43.874228395061735,0.5231481481481481,0.030555555555555503
580,774601140,32.4656,0.5777777777777777,-0.040000000000000036
581,572270296,52.25714285714286,0.5142857142857142,0.013392857142857095
582,572664370,33.42403628117914,0.5261904761904762,-0.02857142857142858
583,574118187,59.30533235938641,0.5023847376788553,-0.011128775834658211
584,774620167,30.5984,0.48888888888888893,-0.09333333333333327
585,683358906,30.757369614512474,0.5404761904761904,-0.01904761904761909
586,774266440,29.561600000000006,0.5577777777777778,-0.046666666666666634
587,572669556,52.81795918367347,0.5178571428571428,0.008928571428571397
588,688072357,31.93650793650793,0.5261904761904762,-0.02857142857142858
589,619575286,56.77387755102042,0.5354978354978355,0.020779220779220786
590,620535556,40.9024970273484,0.5306513409961686,0.0063856960408684715
591,574118050,59.53323593864134,0.5238473767885533,0.01748807631160576
592,571734935,47.472222222222236,0.49507168458781364,0.01971326164874554
593,688072357,34.15873015873015,0.5261904761904762,-0.02857142857142858
594,587286221,42.480109739369006,0.5455840455840456,0.0185185185185186
595,572219491,46.5265306122449,0.5035714285714286,-0.0035714285714285587
596,572164834,47.82021604938272,0.5282258064516129,0.04838709677419356
597,703066934,38.64172335600907,0.5428571428571428,-0.01666666666666672
598,572723377,55.24244897959185,0.54375,0.041964285714285676
599,587277184,49.84703433922997,0.5288018433179723,0.025345622119815614
600,774258626,36.0176,0.5622222222222222,-0.046666666666666745
601,706168614,36.428571428571416,0.5690476190476191,0.011904761904761973
602,572661645,56.425306122448994,0.5223214285714286,0.019642857142857184
603,572570072,48.63510204081634,0.53125,0.020535714285714324
604,774266440,33.4704,0.548888888888889,-0.05555555555555547
605,572661645,53.35836734693878,0.5151785714285714,0.012499999999999956
606,572132481,51.83179012345679,0.5201612903225805,0.0403225806451612
607,572661645,54.15428571428572,0.5348214285714286,0.03214285714285714
608,572710446,53.37877551020408,0.5125,0.0071428571428571175
609,774241138,33.936,0.5222222222222223,-0.07333333333333336
610,572759324,53.590204081632656,0.50625,-0.0008928571428571397
611,774588803,29.924799999999998,0.5177777777777778,-0.05999999999999994
612,774588803,31.367999999999995,0.52,-0.057777777777777706
613,572270296,46.98775510204083,0.5133928571428571,0.012499999999999956
614,570817138,51.11033950617285,0.5305555555555554,0.046296296296296224
615,572723377,55.854693877551014,0.5276785714285714,0.025892857142857162
616,573677309,47.59755102040817,0.5241071428571429,0.014285714285714346
617,620591648,55.04501385041551,0.5328947368421053,0.014619883040935755
618,571829234,53.43526170798898,0.5236742424242424,0.006628787878787845
619,620591648,57.150969529085884,0.5321637426900585,0.01388888888888895
620,620590707,55.776315789473685,0.5255847953216375,0.007309941520467933
621,774602173,35.5184,0.508888888888889,-0.09999999999999998
622,774616590,37.540800000000004,0.5311111111111111,-0.08666666666666667
623,572164834,43.7260802469136,0.5138888888888888,0.03405017921146952
624,574121126,61.490869247626,0.5302066772655007,0.026232114467408585
625,617680618,51.18213296398891,0.5379699248120301,0.03383458646616544
626,573430804,38.451388888888886,0.5335144927536232,-0.0018115942028986698
627,571734935,50.337962962962976,0.4870071684587814,0.011648745519713288
628,572158302,53.85416666666667,0.507616487455197,0.025089605734766984
629,774588803,33.700799999999994,0.4733333333333334,-0.10444444444444434
630,572158302,56.66049382716051,0.5031362007168458,0.02060931899641577
631,774266796,30.216000000000008,0.5844444444444445,-0.02444444444444438
632,618058102,62.32617728531855,0.5304511278195488,0.02631578947368418
633,706168614,34.85714285714285,0.5690476190476191,0.011904761904761973
634,774258146,34.48,0.5377777777777778,-0.0377777777777778
635,587270777,47.378888888888895,0.5476190476190477,0.030952380952380953
636,572663090,48.468262226847045,0.5389321468298109,0.017797552836485098
637,619575286,54.73469387755102,0.532034632034632,0.017316017316017285
638,774251100,33.0208,0.5044444444444445,-0.11777777777777776
639,774589874,33.96160000000001,0.48,-0.10222222222222221
640,572659799,51.43598615916955,0.536527514231499,0.03130929791271353
641,616644235,26.346938775510207,0.5714285714285715,0.0071428571428571175
642,683739035,37.47392290249434,0.5285714285714286,-0.02857142857142858
643,572132481,53.84876543209877,0.5067204301075269,0.02688172043010756
644,746705132,53.91526661796932,0.5131274131274131,-0.01235521235521242
645,680844288,36.68934240362812,0.5428571428571428,-0.004761904761904856
646,774621349,30.750400000000003,0.5644444444444445,-0.057777777777777706
647,620591648,61.30817174515235,0.5248538011695907,0.006578947368421129
648,570817138,50.185956790123456,0.5268518518518518,0.04259259259259257
649,620591648,62.6786703601108,0.5285087719298246,0.01023391812865504
650,572266708,54.36163265306123,0.5214285714285714,0.025892857142857106
651,572228782,56.7926530612245,0.5401785714285714,0.03482142857142856
652,572180043,53.773148148148145,0.5103046594982078,0.024193548387096697
653,587277184,45.878251821019774,0.5529953917050692,0.04953917050691248
654,572665755,56.831020408163276,0.5249999999999999,0.021428571428571352
655,572118894,59.14969135802469,0.5129928315412186,0.0349462365591397
656,572180043,53.75462962962963,0.5183691756272402,0.03225806451612906
657,572687246,51.5191836734694,0.5419642857142857,0.03660714285714284
658,573612979,51.381224489795926,0.5196428571428571,0.011607142857142816
659,774266440,30.664,0.5555555555555556,-0.04888888888888887
660,572641150,58.715918367346944,0.5249999999999999,0.023214285714285632
661,573732851,53.57959183673471,0.5232142857142856,0.024999999999999967
662,571734935,55.88425925925926,0.49417562724014336,0.018817204301075252
663,572741130,54.98775510204082,0.5151785714285714,0.008928571428571397
664,617680618,55.0893351800554,0.5229323308270677,0.018796992481203034
665,572261080,33.93197278911565,0.5714285714285715,0.014285714285714346
666,572759324,51.395918367346944,0.5205357142857142,0.013392857142857095
667,572642875,53.63755102040817,0.5258928571428572,0.022321428571428603
668,683739035,34.532879818594104,0.5380952380952381,-0.01904761904761909
669,573677309,59.81632653061225,0.5276785714285714,0.017857142857142905
670,572569256,33.06122448979592,0.5380952380952381,-0.01666666666666672
671,572735102,54.90285714285714,0.50625,-0.016071428571428625
672,774258146,35.497600000000006,0.48,-0.09555555555555562
673,683739035,34.72789115646258,0.5357142857142857,-0.021428571428571463
674,571829234,54.67676767676768,0.5189393939393939,0.0018939393939393367
675,570814567,59.84413580246915,0.5083333333333333,0.01481481481481478
676,774602173,34.708800000000004,0.5422222222222222,-0.06666666666666676
677,683711413,34.995464852607704,0.5404761904761904,-0.01904761904761909
678,572132189,51.32793209876544,0.5174731182795698,0.04301075268817195
679,573677038,53.76244897959185,0.5366071428571428,0.03214285714285714
680,574118362,54.75164353542731,0.5254372019077901,0.012718600953894987
681,573612979,60.09551020408164,0.5035714285714286,-0.004464285714285698
682,573676948,56.172244897959196,0.5276785714285714,0.022321428571428603
683,568299456,23.301775147928996,0.6048951048951049,0.0
684,774588679,26.00831024930748,0.543859649122807,-0.11403508771929816
685,572569256,29.013605442176875,0.5285714285714286,-0.02619047619047621
686,572117344,37.31065759637188,0.5523809523809524,-0.01904761904761909
687,774584481,33.60959999999999,0.48444444444444446,-0.1333333333333333
688,573677038,54.868571428571435,0.5169642857142857,0.012499999999999956
689,703066934,32.82539682539682,0.5404761904761904,-0.01904761904761909
690,710784968,30.657596371882086,0.5238095238095238,-0.04285714285714293
691,618058102,57.86357340720222,0.5454887218045114,0.0413533834586467
692,774251100,29.488,0.5955555555555556,-0.026666666666666616
693,572219491,53.38204081632653,0.4946428571428571,-0.012500000000000011
694,572270296,52.64734693877552,0.53125,0.03035714285714286
695,618058102,55.698753462603875,0.5379699248120301,0.03383458646616544
696,572641150,56.76489795918367,0.5151785714285714,0.013392857142857095
697,572274981,56.08163265306123,0.5205357142857142,0.016071428571428514
698,571827697,52.11426592797784,0.5309847198641766,0.0840407470288625
699,683358906,37.24263038548752,0.5404761904761904,-0.01904761904761909
700,774621409,30.446400000000008,0.5133333333333333,-0.09333333333333338
701,572641150,52.293061224489804,0.5205357142857142,0.018749999999999933
702,573777420,57.24030470914129,0.5048872180451128,-0.0022556390977443996
703,572641150,51.63428571428571,0.5169642857142857,0.015178571428571375
704,706168614,33.42630385487528,0.5380952380952381,-0.01904761904761909
705,707534724,31.66893424036281,0.5523809523809524,-0.01904761904761909
706,774446822,30.985600000000005,0.528888888888889,-0.07999999999999996
707,572180043,57.89351851851851,0.5165770609318996,0.030465949820788485
708,573732851,58.39183673469389,0.5035714285714286,0.005357142857142894
709,683739035,35.0249433106576,0.5357142857142857,-0.021428571428571463
710,571734935,56.09645061728395,0.49955197132616486,0.024193548387096753
711,774616590,37.4608,0.5066666666666667,-0.11111111111111105
712,573676948,55.38448979591837,0.5169642857142857,0.011607142857142816
713,774590033,33.736000000000004,0.548888888888889,-0.05999999999999994
714,774258146,37.0976,0.5244444444444445,-0.05111111111111111
715,774251100,37.2864,0.5555555555555556,-0.06666666666666665
716,774258146,36.211200000000005,0.52,-0.05555555555555558
717,774605807,34.592,0.54,-0.06888888888888889
718,620480535,57.41759002770084,0.5314327485380118,0.014619883040935755
719,572713811,54.40326530612245,0.5151785714285714,0.012499999999999956
720,680844288,30.05668934240363,0.5523809523809524,0.004761904761904745
721,617692529,50.44953173777316,0.5233592880978866,0.0022246941045607205
722,774590033,33.7216,0.5266666666666666,-0.08222222222222231
723,774445899,31.08480000000001,0.56,-0.05111111111111111
724,683739035,37.115646258503396,0.5476190476190477,-0.00952380952380949
725,774621409,34.95360000000001,0.5577777777777778,-0.04888888888888887
726,587286221,48.73113854595336,0.5427350427350427,0.015669515669515688
727,574118050,62.41782322863404,0.5095389507154213,0.0031796502384737746
728,680844288,36.28798185941042,0.55,0.0023809523809523725
729,680844288,33.61451247165533,0.5666666666666668,0.01904761904761909
730,570814567,52.6087962962963,0.48240740740740745,-0.011111111111111072
731,620480535,58.832409972299175,0.5299707602339182,0.013157894736842146
732,774260344,37.5552,0.5044444444444445,-0.11333333333333329
733,774258626,33.111999999999995,0.5533333333333333,-0.05555555555555558
734,683722377,33.38548752834467,0.5476190476190477,-0.03508771929824561
735,707354621,34.75736961451247,0.5285714285714286,-0.04285714285714293
736,574118362,55.21694667640615,0.514308426073132,0.0015898251192368873
737,572132189,49.797839506172835,0.5031362007168458,0.02867383512544802
738,620591648,59.85180055401663,0.5146198830409358,-0.0036549707602338
739,774588679,24.576177285318558,0.4605263157894737,-0.19736842105263153
740,774601140,35.2992,0.5111111111111112,-0.10666666666666658
741,620535556,46.97859690844233,0.5268199233716476,0.0025542784163474774
742,774258626,36.059200000000004,0.528888888888889,-0.07999999999999996
743,574118050,64.13951789627465,0.5103338632750397,0.003974562798092163
744,574121126,59.976625273922565,0.5341812400635929,0.030206677265500748
745,774266796,32.6304,0.5066666666666667,-0.10222222222222221
746,572274038,58.72653061224491,0.5089285714285714,0.0008928571428571397
747,572663090,50.663891779396465,0.5255839822024472,0.00444938820912133
748,683739035,37.30385487528344,0.5380952380952381,-0.01904761904761909
749,572219491,56.7461224489796,0.5125,0.005357142857142838
750,774588803,31.180800000000005,0.5555555555555556,-0.022222222222222143
751,617631185,49.677734375,0.5242456896551724,0.014008620689655138
752,572270296,50.10204081632654,0.4964285714285714,-0.004464285714285754
753,574121126,52.11833455076699,0.541335453100159,0.037360890302066796
754,571734935,54.1003086419753,0.5201612903225805,0.04480286738351241
755,572663312,57.75692041522491,0.5222960151802656,0.008538899430740043
756,573777420,61.440443213296405,0.5229323308270677,0.015789473684210464
757,572180209,30.417233560090704,0.55,-0.014285714285714346
758,572580658,49.50259515570933,0.5166034155597723,0.012333965844402273
759,620480535,59.384349030470936,0.5328947368421053,0.016081871345029253
760,617631185,59.6748046875,0.5393318965517242,0.02909482758620696
761,710784968,33.97505668934241,0.5261904761904762,-0.040476190476190554
762,620480535,61.6426592797784,0.5314327485380118,0.014619883040935755
763,572132189,54.25462962962962,0.5129928315412186,0.038530465949820736
764,573677038,53.40000000000001,0.5044642857142857,0.0
765,774601140,38.1392,0.5,-0.11777777777777776
766,572732843,32.839002267573704,0.5238095238095238,-0.030952380952380953
767,572139050,51.891203703703695,0.5273297491039426,0.041218637992831486
768,774588572,35.61919999999999,0.5333333333333333,-0.053333333333333344
769,568334975,20.899408284023664,0.6538461538461539,0.04895104895104896
770,617692529,47.700312174817896,0.5211345939933258,0.0
771,616644235,33.12925170068028,0.5714285714285715,0.0071428571428571175
772,774266796,34.3856,0.5333333333333333,-0.0755555555555556
773,617696903,58.00771604938272,0.529040404040404,0.023569023569023573
774,774258626,28.8624,0.5844444444444445,-0.02444444444444438
775,573430804,35.28819444444444,0.5552536231884059,0.019927536231884035
776,572659799,57.161764705882355,0.5393738140417457,0.034155597722960174
777,572228782,58.03673469387755,0.5071428571428571,0.0017857142857142794
778,774371009,34.651199999999996,0.5888888888888889,-0.028888888888888853
779,619575286,55.56897959183673,0.5311688311688312,0.016450216450216493
780,774371009,31.889599999999998,0.5711111111111111,-0.046666666666666634
781,774588679,25.711911357340718,0.5219298245614035,-0.13596491228070173
782,572713811,52.2334693877551,0.5125,0.009821428571428537
783,573612979,49.02938775510205,0.5169642857142857,0.008928571428571397
784,574121126,50.506939371804236,0.546899841017488,0.042925278219395846
785,774588679,22.204986149584492,0.5657894736842105,-0.09210526315789469
786,565766526,58.90909090909093,0.5303030303030303,0.014662756598240456
787,571173535,56.1550925925926,0.5166666666666666,0.02407407407407397
788,572732843,32.10430839002268,0.5238095238095238,-0.030952380952380953
789,683711413,37.65532879818594,0.5380952380952381,-0.021428571428571463
790,620591648,56.340027700831016,0.530701754385965,0.012426900584795453
791,572570072,49.11755102040816,0.5017857142857143,-0.008928571428571397
792,620590707,54.62119113573407,0.5299707602339182,0.011695906432748648
793,616644235,38.28798185941042,0.5666666666666668,0.0023809523809523725
794,573024295,33.678004535147394,0.5476190476190477,-0.01666666666666672
795,774266796,34.6976,0.5822222222222222,-0.026666666666666727
796,573677038,46.59673469387756,0.5151785714285714,0.010714285714285676
797,574121126,58.81811541271,0.5437201907790142,0.03974562798092207
798,572274981,51.8587755102041,0.5098214285714285,0.005357142857142838
799,570817138,50.101851851851855,0.5185185185185185,0.03425925925925927
800,707534724,33.564625850340136,0.5285714285714286,-0.04285714285714293
801,706168614,35.95011337868481,0.5404761904761904,-0.01666666666666672
802,703066934,34.97278911564626,0.5666666666666668,0.0071428571428572285
803,573677309,48.546938775510206,0.5133928571428571,0.0035714285714285587
804,570814567,51.46682098765434,0.5055555555555555,0.012037037037037013
805,573677309,48.14530612244898,0.5214285714285714,0.011607142857142816
806,573677038,53.86693877551022,0.50625,0.0017857142857142794
807,573677309,51.88081632653062,0.5071428571428571,-0.002678571428571419
808,573676948,56.6522448979592,0.5035714285714286,-0.0017857142857142794
809,572166969,50.36897959183673,0.519047619047619,0.04571428571428565
810,774605807,34.68320000000001,0.6000000000000001,-0.008888888888888835
811,774266796,32.688,0.5688888888888889,-0.040000000000000036
812,572642875,45.03020408163266,0.50625,0.002678571428571419
813,587286221,48.03703703703704,0.5327635327635327,0.005698005698005715
814,774260344,34.8992,0.5333333333333333,-0.08444444444444443
815,572687246,55.182857142857145,0.5071428571428571,0.0017857142857142794
816,617631185,47.0810546875,0.5425646551724138,0.032327586206896575
817,572732843,32.85487528344672,0.5238095238095238,-0.030952380952380953
818,774258146,34.6352,0.5644444444444445,-0.011111111111111072
819,774266796,32.9312,0.5777777777777777,-0.0311111111111112
820,574118187,60.68151935719504,0.5349761526232114,0.021462639109697923
821,587286221,46.684499314128935,0.5427350427350427,0.015669515669515688
822,572663312,47.3961937716263,0.52134724857685,0.007590132827324458
823,618058102,54.21606648199446,0.5296992481203008,0.025563909774436122
824,683711413,34.11337868480726,0.55,-0.00952380952380949
825,572735102,51.658775510204094,0.5178571428571428,-0.0044642857142858094
826,568334975,20.159763313609467,0.5979020979020978,-0.006993006993007089
827,572663090,44.457856399583754,0.5233592880978866,0.0022246941045607205
828,572180209,36.1609977324263,0.55,-0.014285714285714346
829,774266796,32.662400000000005,0.49777777777777776,-0.11111111111111116
830,572118894,49.78780864197531,0.5309139784946236,0.052867383512544774
831,683739035,38.3265306122449,0.5428571428571428,-0.014285714285714346
832,570817138,46.91280864197531,0.5138888888888888,0.029629629629629617
833,568299456,22.77514792899408,0.6048951048951049,0.0
834,574118187,58.04236669101535,0.5286168521462639,0.015103338632750374
835,574118362,55.1300219138057,0.5135135135135135,0.0007949125596183881
836,572158302,50.273919753086425,0.5255376344086021,0.04301075268817206
837,774616816,36.83839999999999,0.5733333333333334,-0.053333333333333344
838,617010721,63.542243767313025,0.5296992481203008,0.02631578947368418
839,619575286,50.25959183673469,0.5329004329004329,0.018181818181818188
840,570755878,18.946745562130175,0.6025641025641025,0.012820512820512775
841,617010721,62.34556786703601,0.5266917293233083,0.023308270676691722
842,573777420,61.15720221606648,0.5244360902255639,0.017293233082706694
843,774588572,35.0336,0.6133333333333333,0.026666666666666616
844,572642875,51.8791836734694,0.5098214285714285,0.006249999999999978
845,618058102,54.957756232686975,0.5244360902255639,0.020300751879699264
846,572266708,51.471836734693895,0.5142857142857142,0.01874999999999999
847,617010721,62.27146814404433,0.5364661654135339,0.03308270676691727
848,571734323,53.50077160493828,0.4977598566308244,0.02240143369175629
849,572580658,47.8226643598616,0.5118595825426945,0.007590132827324458
850,573777420,61.39473684210527,0.5033834586466166,-0.003759398496240629
851,572166969,45.48816326530613,0.5142857142857142,0.04095238095238091
852,773587767,30.284799999999997,0.5577777777777778,-0.03555555555555545
853,608615216,57.93060628195765,0.5386100386100386,0.021621621621621623
854,573777420,61.427977839335185,0.5161654135338346,0.009022556390977376
855,571173535,45.858796296296305,0.5138888888888888,0.021296296296296202
856,570817138,53.15740740740741,0.49259259259259264,0.008333333333333415
857,683739035,33.653061224489804,0.5476190476190477,-0.00952380952380949
858,683711413,34.39455782312925,0.5666666666666668,0.0071428571428572285
859,572219491,49.46857142857144,0.5125,0.005357142857142838
860,573777039,32.94104308390023,0.5357142857142857,-0.01904761904761909
861,620480535,59.930747922437675,0.5292397660818714,0.012426900584795342
862,572664370,33.301587301587304,0.5357142857142857,-0.01904761904761909
863,572710446,44.83755102040818,0.5151785714285714,0.009821428571428537
864,774621349,31.651200000000003,0.48444444444444446,-0.13777777777777778
865,572659799,48.8538062283737,0.5374762808349145,0.032258064516129004
866,572642875,49.9395918367347,0.5178571428571428,0.014285714285714235
867,573677038,54.65387755102042,0.5178571428571428,0.013392857142857095
868,572665755,53.914285714285725,0.5160714285714285,0.012499999999999956
869,774601140,34.67359999999999,0.5244444444444445,-0.09333333333333327
870,683365076,33.74829931972789,0.5357142857142857,-0.004761904761904745
871,774446822,33.1312,0.5422222222222222,-0.06666666666666676
872,572219491,51.51265306122449,0.5133928571428571,0.006249999999999978
873,620590707,63.47229916897508,0.530701754385965,0.012426900584795453
874,573677309,49.631836734693884,0.5223214285714286,0.012500000000000067
875,683711413,31.460317460317462,0.5666666666666668,0.0071428571428572285
876,620591648,54.27908587257618,0.5314327485380118,0.013157894736842257
877,774605807,28.172800000000006,0.548888888888889,-0.05999999999999994
878,572735102,59.43510204081634,0.5089285714285714,-0.013392857142857206
879,572713811,56.26448979591837,0.4973214285714285,-0.005357142857142894
880,774251100,33.800000000000004,0.6044444444444445,-0.01777777777777778
881,620535556,43.75148632580262,0.5191570881226054,-0.005108556832694733
882,774445831,29.123200000000004,0.5755555555555556,-0.033333333333333326
883,572759324,51.19755102040817,0.5169642857142857,0.009821428571428537
884,570755878,23.301775147928993,0.6025641025641025,0.012820512820512775
885,573677038,48.76897959183675,0.5214285714285714,0.016964285714285654
886,572266708,48.41061224489796,0.5205357142857142,0.024999999999999967
887,683358906,33.46938775510205,0.530952380952381,-0.02857142857142858
888,573612979,53.18693877551022,0.5107142857142857,0.002678571428571419
889,774445831,30.120000000000005,0.5933333333333333,-0.015555555555555656
890,574118362,48.61358655953249,0.5214626391096979,0.008744038155802825
891,774266796,32.0512,0.5155555555555555,-0.09333333333333338
892,620533797,57.47645429362881,0.527046783625731,0.015350877192982448
893,618058102,57.75969529085873,0.5319548872180452,0.027819548872180522
894,573677309,50.612244897959194,0.5285714285714285,0.018749999999999933
895,617692529,43.00104058272633,0.5478309232480534,0.026696329254727535
896,774601140,33.3696,0.5466666666666666,-0.07111111111111112
897,774260344,31.479999999999997,0.5022222222222222,-0.11555555555555552
898,774605807,33.9376,0.45333333333333337,-0.15555555555555556
899,617631185,40.458984375,0.515625,0.0053879310344827624
900,774616816,36.3792,0.5177777777777778,-0.10888888888888892
901,774266440,30.478399999999993,0.5688888888888889,-0.03555555555555556
902,574118362,54.41417092768444,0.5238473767885533,0.011128775834658211
903,572669556,54.24489795918367,0.49553571428571425,-0.01339285714285715
904,572166969,51.70122448979593,0.5047619047619047,0.03142857142857142
905,608615216,54.988312636961275,0.5223938223938224,0.00540540540540535
906,587277184,49.31737773152965,0.5184331797235022,0.01497695852534553
907,570814567,47.256172839506185,0.4851851851851852,-0.008333333333333304
908,572117344,34.11337868480726,0.530952380952381,-0.040476190476190554
909,572759324,51.80489795918368,0.5080357142857143,0.0008928571428571397
910,572132189,50.62037037037039,0.4914874551971326,0.01702508960573479
911,683711413,33.10884353741497,0.5666666666666668,0.0071428571428572285
912,774590033,31.3232,0.5266666666666666,-0.08222222222222231
913,572228782,52.55428571428572,0.5214285714285714,0.016071428571428514
914,571829234,53.16069788797062,0.5179924242424243,0.0009469696969697239
915,573676948,51.96163265306123,0.5178571428571428,0.012499999999999956
916,572723377,49.44489795918368,0.5089285714285714,0.0071428571428571175
917,572713811,55.846530612244905,0.4973214285714285,-0.005357142857142894
918,774605807,27.6896,0.5644444444444445,-0.0444444444444444
919,774588803,36.62080000000001,0.5511111111111111,-0.026666666666666616
920,572663312,51.351211072664356,0.5403225806451613,0.026565464895635715
921,572735102,49.03918367346939,0.49821428571428567,-0.024107142857142938
922,774260344,28.816000000000003,0.47777777777777775,-0.14
923,774620167,25.2288,0.5911111111111111,0.008888888888888946
924,774266440,35.638400000000004,0.5022222222222222,-0.10222222222222221
925,620480535,62.684210526315795,0.5380116959064328,0.021198830409356773
926,574118362,53.697589481373264,0.5325914149443561,0.019872813990461036
927,572132481,47.480709876543216,0.5031362007168458,0.02329749103942652
928,572659799,45.975778546712796,0.5403225806451613,0.03510436432637576
929,707354621,29.532879818594107,0.5714285714285715,0.0
930,710784968,30.4671201814059,0.5238095238095238,-0.04285714285714293
931,617010721,53.29085872576178,0.5402255639097745,0.0368421052631579
932,572270296,54.481632653061226,0.4919642857142857,-0.008928571428571452
933,572164834,53.270833333333336,0.5129928315412186,0.033154121863799235
934,620590707,56.21883656509696,0.5153508771929826,-0.0029239766081869956
935,774584481,28.308800000000005,0.5155555555555555,-0.10222222222222221
936,774601140,26.7536,0.528888888888889,-0.0888888888888888
937,617010721,57.24238227146815,0.5424812030075189,0.0390977443609023
938,774589874,34.9456,0.49111111111111116,-0.09111111111111103
939,683358906,28.884353741496604,0.5666666666666668,0.0071428571428572285
940,570817138,58.56172839506172,0.4944444444444444,0.010185185185185186
941,587270777,48.975555555555545,0.5357142857142857,0.01904761904761898
942,571734323,44.40277777777778,0.5300179211469533,0.05465949820788524
943,572261080,30.596371882086164,0.5428571428571428,-0.014285714285714346
944,572687246,55.673469387755105,0.5348214285714286,0.02946428571428572
945,774602173,30.697599999999998,0.5466666666666666,-0.06222222222222229
946,572274981,50.95346938775509,0.5125,0.008035714285714257
947,620591648,52.3247922437673,0.5168128654970761,-0.0014619883040934978
948,572661645,51.15102040816328,0.5205357142857142,0.017857142857142794
949,617639585,36.897959183673464,0.5642857142857144,0.0071428571428572285
950,572118894,46.33564814814815,0.5219534050179211,0.043906810035842236
951,573677309,55.57387755102042,0.5401785714285714,0.03035714285714286
952,565766526,48.60238751147841,0.543010752688172,0.027370478983382185
953,774266796,36.33279999999999,0.5466666666666666,-0.06222222222222229
954,572261080,32.301587301587304,0.5476190476190477,-0.00952380952380949
955,774588572,27.5696,0.5533333333333333,-0.033333333333333326
956,572228782,52.941224489795935,0.5401785714285714,0.03482142857142856
957,688072357,32.51020408163266,0.5476190476190477,-0.0071428571428571175
958,572642875,54.857142857142854,0.5348214285714286,0.03125
959,620533797,54.95844875346259,0.5394736842105264,0.0277777777777779
960,617010721,53.74930747922438,0.5334586466165414,0.03007518796992481
961,774616590,29.588800000000003,0.5111111111111112,-0.10666666666666658
962,774445899,28.66080000000001,0.5688888888888889,-0.04222222222222227
963,574118050,62.2118334550767,0.5357710651828299,0.02941176470588236
964,746705132,59.43316289262234,0.5208494208494209,-0.004633204633204602
965,572580658,49.43771626297578,0.51280834914611,0.008538899430739932
966,617680618,57.62465373961219,0.5266917293233083,0.022556390977443663
967,572570072,55.38367346938777,0.5249999999999999,0.014285714285714235
968,707354621,35.657596371882086,0.5714285714285715,0.0
969,688072357,35.63038548752835,0.5452380952380952,-0.009523809523809601
970,774445899,34.37279999999999,0.5466666666666666,-0.06444444444444453
971,573777039,31.77097505668934,0.5690476190476191,0.014285714285714346
972,571734323,58.099537037037045,0.5309139784946236,0.055555555555555525
973,680844288,31.183673469387752,0.5261904761904762,-0.021428571428571463
974,703066934,33.802721088435376,0.5404761904761904,-0.01904761904761909
975,565766526,48.714416896235086,0.5371456500488758,0.021505376344086002
976,620535556,44.326991676575496,0.5395913154533845,0.01532567049808431
977,703066934,34.44671201814059,0.5476190476190477,-0.011904761904761862
978,620591648,61.46537396121884,0.5190058479532164,0.0007309941520468044
979,572219491,50.0865306122449,0.5107142857142857,0.0035714285714285587
980,774241138,35.3536,0.5466666666666666,-0.04888888888888898
981,774266796,35.6176,0.5533333333333333,-0.05555555555555558
982,617692529,52.793964620187324,0.532258064516129,0.011123470522803158
983,568334975,21.893491124260354,0.6048951048951049,0.0
984,574118187,56.40686632578524,0.5238473767885533,0.010333863275039823
985,707354621,31.149659863945573,0.5714285714285715,0.0
986,774446822,37.1232,0.4733333333333334,-0.13555555555555554
987,572710446,55.013061224489796,0.5383928571428571,0.03303571428571428
988,710784968,30.56916099773243,0.5238095238095238,-0.04285714285714293
989,587286221,42.26337448559671,0.5427350427350427,0.015669515669515688
990,572261080,31.18140589569161,0.5666666666666668,0.009523809523809601
991,571173535,42.76851851851852,0.5407407407407407,0.04814814814814811
992,587286221,43.54595336076817,0.5370370370370371,0.009971509971510084
993,572663312,50.88840830449828,0.5166034155597723,0.002846299810246755
994,774590033,34.472,0.5422222222222222,-0.06666666666666676
995,683365076,33.61224489795918,0.5619047619047619,0.021428571428571463
996,572570072,46.62367346938776,0.5428571428571428,0.03214285714285714
997,620533797,59.68005540166203,0.5350877192982456,0.023391812865497075
998,774241138,31.880000000000003,0.5133333333333333,-0.08222222222222231
999,746705132,49.747991234477716,0.5223938223938224,-0.003088803088803105
