Episode,Build,Reward,APFD,APFDC,Improvement
0,572687246,0.5508928571428571,0.5508928571428571,0.49193197338217826,0.045535714285714235
1,573430804,0.5317028985507247,0.5317028985507247,0.459090368501525,-0.0036231884057971175
2,570814567,0.536111111111111,0.536111111111111,0.5349467940085592,0.04259259259259246
3,683722377,0.525062656641604,0.525062656641604,0.5587765874274085,-0.057644110275689275
4,571173535,0.5407407407407407,0.5407407407407407,0.5576634494453435,0.04814814814814811
5,617692529,0.5389321468298109,0.5389321468298109,0.5132534184901623,0.017797552836485098
6,572669556,0.5482142857142857,0.5482142857142857,0.583074029858009,0.03928571428571426
7,573430804,0.5625000000000001,0.5625000000000001,0.4807922610111723,0.02717391304347827
8,572274981,0.5339285714285713,0.5339285714285713,0.4927776734439039,0.02946428571428561
9,573777420,0.5484962406015038,0.5484962406015038,0.5733776090240059,0.041353383458646586
10,573776679,0.5285714285714286,0.5285714285714286,0.6033301020896636,-0.02857142857142858
11,617692529,0.5378197997775306,0.5378197997775306,0.671401387583541,0.016685205784204737
12,706168614,0.5452380952380952,0.5452380952380952,0.531192808808141,-0.011904761904761973
13,572228782,0.5205357142857142,0.5205357142857142,0.5132995185911063,0.015178571428571375
14,572570072,0.5160714285714285,0.5160714285714285,0.5071028173177662,0.005357142857142838
15,574121126,0.5286168521462639,0.5286168521462639,0.5746163551245812,0.024642289348171698
16,572723377,0.5276785714285714,0.5276785714285714,0.5906532392602861,0.025892857142857162
17,572661645,0.5383928571428571,0.5383928571428571,0.5645874163377328,0.0357142857142857
18,706168614,0.5261904761904762,0.5261904761904762,0.5564244262777128,-0.030952380952380953
19,617696903,0.5526094276094276,0.5526094276094276,0.6286654811841931,0.047138047138047146
20,573677309,0.5374999999999999,0.5374999999999999,0.589999694050959,0.02767857142857133
21,774241138,0.4733333333333334,0.4733333333333334,0.4900171117762629,-0.12222222222222223
22,572180209,0.5595238095238095,0.5595238095238095,0.6799296395548771,-0.004761904761904856
23,707534724,0.5238095238095238,0.5238095238095238,0.5660648166012113,-0.04761904761904767
24,617681746,0.528921023359288,0.528921023359288,0.6463881910895961,0.007786429365962189
25,572118894,0.5676523297491038,0.5676523297491038,0.5787553630200127,0.08960573476702499
26,574118362,0.5007949125596184,0.5007949125596184,0.6165338858563504,-0.01192368839427671
27,706168614,0.5476190476190477,0.5476190476190477,0.6364999789965887,-0.00952380952380949
28,572261080,0.5238095238095238,0.5238095238095238,0.5817356931562535,-0.033333333333333326
29,587277184,0.5529953917050692,0.5529953917050692,0.6989957819359748,0.04953917050691248
30,572158302,0.5344982078853047,0.5344982078853047,0.4977849940178385,0.0519713261648746
31,620480535,0.5277777777777778,0.5277777777777778,0.5625541593822736,0.010964912280701733
32,683711413,0.5714285714285715,0.5714285714285715,0.6520587683411603,0.011904761904761973
33,570817138,0.562037037037037,0.562037037037037,0.6433663386934538,0.07777777777777778
34,617010721,0.5109022556390977,0.5109022556390977,0.5661915947375187,0.007518796992481147
35,683365076,0.55,0.55,0.6204955175731114,0.009523809523809601
36,571829234,0.5246212121212122,0.5246212121212122,0.6383939707298912,0.007575757575757569
37,574186282,0.5214626391096979,0.5214626391096979,0.6039024140109316,0.012718600953895098
38,572132481,0.5407706093189963,0.5407706093189963,0.5037162599768725,0.060931899641577025
39,570817138,0.5472222222222222,0.5472222222222222,0.6759134852928951,0.06296296296296294
40,572180209,0.5476190476190477,0.5476190476190477,0.6102556076631046,-0.01666666666666672
41,683711413,0.5642857142857144,0.5642857142857144,0.5932460386826686,0.004761904761904856
42,774602173,0.5266666666666666,0.5266666666666666,0.5195006322772321,-0.08222222222222231
43,571827697,0.5530560271646859,0.5530560271646859,0.5744135025490317,0.10611205432937182
44,774602173,0.52,0.52,0.569093083740017,-0.0888888888888889
45,572158302,0.5461469534050178,0.5461469534050178,0.6308754943886891,0.06362007168458778
46,574118050,0.5190779014308425,0.5190779014308425,0.5267624004286736,0.012718600953894987
47,572710446,0.5419642857142857,0.5419642857142857,0.585477597636248,0.03660714285714284
48,572569256,0.5642857142857144,0.5642857142857144,0.6667139624598389,0.009523809523809601
49,616644235,0.5357142857142857,0.5357142857142857,0.6571187104999786,-0.028571428571428692
50,573024295,0.530952380952381,0.530952380952381,0.5824422142607895,-0.03333333333333344
51,568334975,0.6048951048951049,0.6048951048951049,0.7026855268285499,0.0
52,573676948,0.5232142857142856,0.5232142857142856,0.601100887823608,0.017857142857142794
53,572570072,0.5214285714285714,0.5214285714285714,0.6646194153901481,0.010714285714285676
54,774241138,0.5533333333333333,0.5533333333333333,0.6163052838951266,-0.04222222222222227
55,572158302,0.5112007168458781,0.5112007168458781,0.5788950702189268,0.02867383512544802
56,571829234,0.5236742424242424,0.5236742424242424,0.5960736990622071,0.006628787878787845
57,573777420,0.5484962406015038,0.5484962406015038,0.6012470764561753,0.041353383458646586
58,574118187,0.5190779014308425,0.5190779014308425,0.6219946160393054,0.00556438791732905
59,572741130,0.5267857142857142,0.5267857142857142,0.6613091359232532,0.020535714285714213
60,572180043,0.5318100358422939,0.5318100358422939,0.6217558528978581,0.04569892473118281
61,774605807,0.5977777777777777,0.5977777777777777,0.6101189647485714,-0.011111111111111183
62,683722377,0.5676691729323309,0.5676691729323309,0.5327937003181464,-0.015037593984962405
63,572661645,0.5392857142857143,0.5392857142857143,0.6460463490055756,0.03660714285714284
64,572732843,0.5595238095238095,0.5595238095238095,0.6677808280357225,0.004761904761904745
65,683365076,0.5595238095238095,0.5595238095238095,0.6456577137517853,0.01904761904761909
66,574118050,0.527027027027027,0.527027027027027,0.610076493141554,0.020667726550079424
67,617696903,0.5509259259259258,0.5509259259259258,0.6671424517778334,0.045454545454545414
68,746705132,0.5378378378378378,0.5378378378378378,0.6339636499456921,0.012355212355212308
69,571734323,0.5551075268817204,0.5551075268817204,0.6442286591266326,0.07974910394265228
70,774605807,0.6000000000000001,0.6000000000000001,0.5555985673539635,-0.008888888888888835
71,620590707,0.5526315789473685,0.5526315789473685,0.6116038405994423,0.03435672514619892
72,774590033,0.5666666666666667,0.5666666666666667,0.5914861110432024,-0.04222222222222227
73,683722377,0.5802005012531329,0.5802005012531329,0.6160234528148516,-0.0025062656641603454
74,707354621,0.5690476190476191,0.5690476190476191,0.6101959572046967,-0.0023809523809523725
75,774588803,0.5222222222222223,0.5222222222222223,0.578601570938588,-0.05555555555555547
76,620590707,0.5519005847953217,0.5519005847953217,0.7494030788710951,0.033625730994152114
77,616644235,0.5452380952380952,0.5452380952380952,0.6698597476216385,-0.019047619047619202
78,570755878,0.6025641025641025,0.6025641025641025,0.6894767804673528,0.012820512820512775
79,620480535,0.5467836257309943,0.5467836257309943,0.7325116949934367,0.029970760233918203
80,774590033,0.48888888888888893,0.48888888888888893,0.5023422612434606,-0.12
81,572274038,0.5160714285714285,0.5160714285714285,0.6146128051344314,0.008035714285714257
82,574186282,0.5,0.5,0.6329558776895731,-0.008744038155802825
83,572659799,0.5488614800759013,0.5488614800759013,0.6561868109403732,0.0436432637571158
84,573777039,0.5357142857142857,0.5357142857142857,0.5820317511479509,-0.01904761904761909
85,572228782,0.5205357142857142,0.5205357142857142,0.6178610295283842,0.015178571428571375
86,572713811,0.5142857142857142,0.5142857142857142,0.66690674348387,0.011607142857142816
87,620535556,0.5370370370370371,0.5370370370370371,0.6430856272126391,0.012771392081736943
88,573676948,0.5339285714285713,0.5339285714285713,0.6575760786139152,0.02857142857142847
89,571829234,0.5388257575757576,0.5388257575757576,0.6364751777550707,0.021780303030302983
90,774251100,0.5622222222222222,0.5622222222222222,0.5850692025531157,-0.06000000000000005
91,572132189,0.5533154121863799,0.5533154121863799,0.6023034574819237,0.0788530465949821
92,774602173,0.5888888888888889,0.5888888888888889,0.5849823880503497,-0.020000000000000018
93,573732851,0.5544642857142856,0.5544642857142856,0.49971910015627996,0.05624999999999997
94,568334975,0.5909090909090909,0.5909090909090909,0.6752271608574744,-0.013986013986013957
95,574118187,0.5127186009538951,0.5127186009538951,0.6147859536449133,-0.0007949125596183881
96,617696903,0.5509259259259258,0.5509259259259258,0.6800114775385454,0.045454545454545414
97,572723377,0.5473214285714285,0.5473214285714285,0.6609245985624442,0.045535714285714235
98,617696903,0.5408249158249158,0.5408249158249158,0.6385796235534348,0.03535353535353536
99,572659799,0.5564516129032258,0.5564516129032258,0.6628834064537886,0.05123339658444026
100,774258626,0.5688888888888889,0.5688888888888889,0.6099001557320144,-0.040000000000000036
101,774621409,0.5866666666666667,0.5866666666666667,0.6039631331809757,-0.020000000000000018
102,572158302,0.5470430107526881,0.5470430107526881,0.5749425192215657,0.06451612903225806
103,707534724,0.5714285714285715,0.5714285714285715,0.7031134643443441,0.0
104,683722377,0.5877192982456141,0.5877192982456141,0.6646868505807491,0.005012531328320802
105,573612979,0.5241071428571429,0.5241071428571429,0.5005344314658028,0.016071428571428625
106,774266440,0.5266666666666666,0.5266666666666666,0.6156048365501192,-0.07777777777777783
107,570814567,0.5638888888888889,0.5638888888888889,0.6867671419009153,0.07037037037037036
108,572117344,0.5666666666666668,0.5666666666666668,0.6188506294840582,-0.004761904761904745
109,570755878,0.6089743589743589,0.6089743589743589,0.648446129623928,0.019230769230769162
110,620535556,0.5319284802043424,0.5319284802043424,0.5234967412183519,0.00766283524904221
111,572139050,0.5694444444444444,0.5694444444444444,0.5387797025208197,0.08333333333333331
112,707534724,0.5714285714285715,0.5714285714285715,0.6896544216765156,0.0
113,572569256,0.5428571428571428,0.5428571428571428,0.5888000302807497,-0.011904761904761973
114,587270777,0.5345238095238095,0.5345238095238095,0.598890862364009,0.017857142857142794
115,774620167,0.5266666666666666,0.5266666666666666,0.5111868297684902,-0.05555555555555558
116,620591648,0.5211988304093568,0.5211988304093568,0.5647640304601133,0.0029239766081872176
117,683365076,0.5595238095238095,0.5595238095238095,0.6737485366998506,0.01904761904761909
118,573677038,0.5187499999999999,0.5187499999999999,0.6388537140672311,0.014285714285714235
119,572270296,0.5303571428571427,0.5303571428571427,0.5633759155122159,0.02946428571428561
120,574121126,0.5135135135135135,0.5135135135135135,0.5164568668087478,0.009538950715421324
121,572663312,0.5393738140417457,0.5393738140417457,0.6227474015243891,0.02561669829222013
122,608615216,0.52007722007722,0.52007722007722,0.5834154227229077,0.003088803088802994
123,774605807,0.48444444444444446,0.48444444444444446,0.50475361868447,-0.12444444444444447
124,571734323,0.5793010752688171,0.5793010752688171,0.6944060193906674,0.10394265232974903
125,774616816,0.5355555555555556,0.5355555555555556,0.5815117464255627,-0.09111111111111114
126,617010721,0.5417293233082707,0.5417293233082707,0.6433449184546342,0.03834586466165413
127,574186282,0.5381558028616852,0.5381558028616852,0.6274519457114954,0.02941176470588236
128,572274981,0.5089285714285714,0.5089285714285714,0.5771357734472773,0.004464285714285698
129,688072357,0.5547619047619048,0.5547619047619048,0.619101332033671,0.0
130,774266796,0.5066666666666667,0.5066666666666667,0.5656255082849684,-0.10222222222222221
131,573024295,0.5642857142857144,0.5642857142857144,0.6825112934626602,0.0
132,572642875,0.5035714285714286,0.5035714285714286,0.6343267684684231,0.0
133,572732843,0.55,0.55,0.6530778924487376,-0.004761904761904745
134,680844288,0.530952380952381,0.530952380952381,0.6847373506781413,-0.01666666666666672
135,683358906,0.5714285714285715,0.5714285714285715,0.687335146013867,0.011904761904761973
136,572710446,0.54375,0.54375,0.6384214689030973,0.03839285714285712
137,572723377,0.5491071428571428,0.5491071428571428,0.6466249779855742,0.047321428571428514
138,572735102,0.5044642857142857,0.5044642857142857,0.5391684873647896,-0.017857142857142905
139,572180043,0.5318100358422939,0.5318100358422939,0.6345285483069483,0.04569892473118281
140,574118050,0.5373608903020667,0.5373608903020667,0.5930072753639466,0.031001589825119136
141,774251100,0.5888888888888889,0.5888888888888889,0.6626636054216515,-0.033333333333333326
142,568334975,0.5979020979020978,0.5979020979020978,0.6742477462037039,-0.006993006993007089
143,572164834,0.5255376344086021,0.5255376344086021,0.5203467355878693,0.04569892473118281
144,572219491,0.5151785714285714,0.5151785714285714,0.5357385425574803,0.008035714285714257
145,574118187,0.5135135135135135,0.5135135135135135,0.5978374586372209,0.0
146,572569256,0.5404761904761904,0.5404761904761904,0.6611459976541613,-0.014285714285714346
147,774601140,0.49111111111111116,0.49111111111111116,0.5286506491676789,-0.1266666666666666
148,707534724,0.5714285714285715,0.5714285714285715,0.6875358059222548,0.0
149,574118362,0.5461049284578696,0.5461049284578696,0.5800133551890907,0.03338632750397452
150,774266440,0.548888888888889,0.548888888888889,0.5934581476398245,-0.05555555555555547
151,774620167,0.5044444444444445,0.5044444444444445,0.5241831817532046,-0.07777777777777772
152,572266708,0.5330357142857143,0.5330357142857143,0.5951132114468614,0.03750000000000003
153,572270296,0.5339285714285713,0.5339285714285713,0.6114258737565282,0.03303571428571417
154,572641150,0.5178571428571428,0.5178571428571428,0.6211666144197662,0.016071428571428514
155,572274981,0.5160714285714285,0.5160714285714285,0.5962242795607583,0.011607142857142816
156,573677038,0.49107142857142855,0.49107142857142855,0.5766107316839575,-0.01339285714285715
157,683358906,0.5285714285714286,0.5285714285714286,0.4600547856305278,-0.030952380952380953
158,683739035,0.5595238095238095,0.5595238095238095,0.5272562124916864,0.0023809523809523725
159,572659799,0.5517077798861479,0.5517077798861479,0.6596377488332497,0.046489563567362446
160,574118050,0.5286168521462639,0.5286168521462639,0.6414817777393328,0.02225755166931631
161,572180043,0.4798387096774193,0.4798387096774193,0.5774836769113854,-0.006272401433691788
162,572641150,0.5455357142857142,0.5455357142857142,0.6363371060615228,0.043749999999999956
163,572158302,0.5416666666666666,0.5416666666666666,0.6104033654716767,0.05913978494623656
164,617692529,0.5600667408231368,0.5600667408231368,0.7000188673657098,0.03893214682981094
165,620533797,0.5497076023391813,0.5497076023391813,0.6913532386122411,0.03801169590643272
166,571829234,0.5416666666666666,0.5416666666666666,0.48265209428669703,0.024621212121212044
167,774584481,0.5066666666666667,0.5066666666666667,0.5457390187641684,-0.11111111111111105
168,774589874,0.6222222222222222,0.6222222222222222,0.5949358950477034,0.040000000000000036
169,774590033,0.5155555555555555,0.5155555555555555,0.5780769065002378,-0.09333333333333338
170,573777420,0.5379699248120301,0.5379699248120301,0.5413436269056329,0.03082706766917287
171,774601140,0.49777777777777776,0.49777777777777776,0.5028034833546657,-0.12
172,571734935,0.5667562724014337,0.5667562724014337,0.6904450269216192,0.09139784946236557
173,773587767,0.5266666666666666,0.5266666666666666,0.6182584815663787,-0.06666666666666665
174,620480535,0.5467836257309943,0.5467836257309943,0.698819469491043,0.029970760233918203
175,574118362,0.5302066772655007,0.5302066772655007,0.6001205618386962,0.01748807631160565
176,572274981,0.5223214285714286,0.5223214285714286,0.6214147839407134,0.017857142857142905
177,774258626,0.4822222222222222,0.4822222222222222,0.5586835012175895,-0.1266666666666667
178,620480535,0.5482456140350878,0.5482456140350878,0.7168833162792563,0.0314327485380117
179,572228782,0.4919642857142857,0.4919642857142857,0.5979714832573677,-0.01339285714285715
180,573430804,0.542572463768116,0.542572463768116,0.6497163387045065,0.007246376811594124
181,706168614,0.5428571428571428,0.5428571428571428,0.6369553611677646,-0.014285714285714346
182,573024295,0.5523809523809524,0.5523809523809524,0.6314534737759561,-0.011904761904761973
183,774616816,0.5777777777777777,0.5777777777777777,0.6121683664910165,-0.04888888888888898
184,617696903,0.5559764309764309,0.5559764309764309,0.6670728807231884,0.0505050505050505
185,774446822,0.5177777777777778,0.5177777777777778,0.4786392101353333,-0.09111111111111114
186,774620167,0.5244444444444445,0.5244444444444445,0.5323491540034796,-0.057777777777777706
187,572117344,0.5666666666666668,0.5666666666666668,0.69158716133379,-0.004761904761904745
188,710784968,0.5714285714285715,0.5714285714285715,0.6898216814868119,0.004761904761904745
189,572580658,0.5583491461100569,0.5583491461100569,0.6445262007411705,0.054079696394686905
190,703066934,0.5714285714285715,0.5714285714285715,0.683454557524272,0.011904761904761973
191,620535556,0.553639846743295,0.553639846743295,0.6879891410736291,0.02937420178799488
192,572219491,0.532142857142857,0.532142857142857,0.5665421259943901,0.02499999999999991
193,572735102,0.5142857142857142,0.5142857142857142,0.5408139485853591,-0.008035714285714368
194,573677038,0.5339285714285713,0.5339285714285713,0.603848416766699,0.02946428571428561
195,774241138,0.5266666666666666,0.5266666666666666,0.6369030614250676,-0.068888888888889
196,620590707,0.5482456140350878,0.5482456140350878,0.6844170958342957,0.029970760233918203
197,618058102,0.5462406015037594,0.5462406015037594,0.6695212453671209,0.04210526315789476
198,572228782,0.5348214285714286,0.5348214285714286,0.5863459987566699,0.02946428571428572
199,620480535,0.5445906432748538,0.5445906432748538,0.6907585344876398,0.02777777777777779
200,706168614,0.5523809523809524,0.5523809523809524,0.6312448000882771,-0.004761904761904745
201,773587767,0.5644444444444445,0.5644444444444445,0.7120594857447857,-0.028888888888888742
202,683739035,0.5523809523809524,0.5523809523809524,0.6508021853056382,-0.004761904761904745
203,572164834,0.5407706093189963,0.5407706093189963,0.5586199648146583,0.060931899641577025
204,572266708,0.5526785714285714,0.5526785714285714,0.5789969111222354,0.057142857142857106
205,572663090,0.5511679644048944,0.5511679644048944,0.5695217112705919,0.030033370411568505
206,572139050,0.5542114695340501,0.5542114695340501,0.5704673829263776,0.06810035842293899
207,570814567,0.5314814814814814,0.5314814814814814,0.6649185465199429,0.03796296296296292
208,570755878,0.6025641025641025,0.6025641025641025,0.6350651738382452,0.012820512820512775
209,572266708,0.5249999999999999,0.5249999999999999,0.54611864684779,0.029464285714285665
210,572164834,0.5416666666666666,0.5416666666666666,0.5245456873828106,0.06182795698924731
211,774602173,0.5666666666666667,0.5666666666666667,0.5918806431173051,-0.04222222222222227
212,608615216,0.5177606177606177,0.5177606177606177,0.5860034598083507,0.0007722007722006374
213,746705132,0.5347490347490348,0.5347490347490348,0.6215123744952897,0.009266409266409315
214,774266440,0.6022222222222222,0.6022222222222222,0.5893733161780501,-0.0022222222222222365
215,565766526,0.5156402737047898,0.5156402737047898,0.5918220247859816,0.0
216,774621349,0.5911111111111111,0.5911111111111111,0.6488460358814596,-0.03111111111111109
217,570814567,0.5638888888888889,0.5638888888888889,0.741450473363352,0.07037037037037036
218,617681746,0.5433815350389322,0.5433815350389322,0.6606512661121309,0.022246941045606317
219,707534724,0.530952380952381,0.530952380952381,0.5320254819270871,-0.040476190476190554
220,573777039,0.5428571428571428,0.5428571428571428,0.6267247182705833,-0.011904761904761973
221,572664370,0.5547619047619048,0.5547619047619048,0.6681767038587232,0.0
222,683711413,0.5714285714285715,0.5714285714285715,0.6413169155380702,0.011904761904761973
223,774602173,0.54,0.54,0.5755258232235074,-0.06888888888888889
224,774258626,0.528888888888889,0.528888888888889,0.6177800049495992,-0.07999999999999996
225,774266796,0.6066666666666667,0.6066666666666667,0.5582502238441012,-0.0022222222222222365
226,570817138,0.536111111111111,0.536111111111111,0.6734082609178177,0.05185185185185176
227,572713811,0.5160714285714285,0.5160714285714285,0.5175624119256816,0.013392857142857095
228,571173535,0.549074074074074,0.549074074074074,0.7272322354669227,0.05648148148148141
229,617681746,0.5300333704115684,0.5300333704115684,0.6054122271978579,0.008898776418242549
230,572659799,0.5564516129032258,0.5564516129032258,0.5643145359597167,0.05123339658444026
231,573430804,0.5353260869565218,0.5353260869565218,0.5558104841598854,0.0
232,572177292,0.5479390681003584,0.5479390681003584,0.5930775715113132,0.06989247311827956
233,617692529,0.5522803114571746,0.5522803114571746,0.7192111561205293,0.031145717463848754
234,608615216,0.5478764478764478,0.5478764478764478,0.626760878540511,0.030888030888030826
235,680844288,0.5642857142857144,0.5642857142857144,0.5173116037389545,0.01666666666666672
236,572669556,0.5196428571428571,0.5196428571428571,0.6498722623893118,0.010714285714285676
237,774266440,0.5,0.5,0.5418396095121055,-0.10444444444444445
238,568334975,0.5909090909090909,0.5909090909090909,0.6777571995274968,-0.013986013986013957
239,572117344,0.5690476190476191,0.5690476190476191,0.6754318344265218,-0.0023809523809523725
240,774241138,0.5555555555555556,0.5555555555555556,0.6242678495506419,-0.040000000000000036
241,574118050,0.5246422893481717,0.5246422893481717,0.5764867461920526,0.01828298887122415
242,574118050,0.5317965023847376,0.5317965023847376,0.5642593083454537,0.025437201907790086
243,710784968,0.5714285714285715,0.5714285714285715,0.666477743718708,0.004761904761904745
244,608615216,0.527027027027027,0.527027027027027,0.5769373049528801,0.010038610038609952
245,617639585,0.5642857142857144,0.5642857142857144,0.6703892402900242,0.0071428571428572285
246,572117344,0.5714285714285715,0.5714285714285715,0.5232780348799964,0.0
247,774258626,0.5933333333333333,0.5933333333333333,0.62072473375946,-0.015555555555555656
248,608615216,0.5424710424710425,0.5424710424710425,0.5831759033153622,0.025482625482625476
249,703066934,0.5690476190476191,0.5690476190476191,0.6471613954537543,0.009523809523809601
250,572117344,0.5666666666666668,0.5666666666666668,0.6952017993824289,-0.004761904761904745
251,680844288,0.5285714285714286,0.5285714285714286,0.6573538541174325,-0.01904761904761909
252,774446822,0.5444444444444445,0.5444444444444445,0.5358413380623424,-0.06444444444444442
253,572710446,0.5294642857142857,0.5294642857142857,0.6835992416064658,0.024107142857142883
254,572669556,0.5401785714285714,0.5401785714285714,0.688785020713249,0.03125
255,707354621,0.5714285714285715,0.5714285714285715,0.6363005542718627,0.0
256,565766526,0.5244379276637341,0.5244379276637341,0.6817266731350325,0.008797653958944274
257,572723377,0.5303571428571427,0.5303571428571427,0.5786112491610721,0.02857142857142847
258,620535556,0.5561941251596424,0.5561941251596424,0.7090733670407358,0.03192848020434225
259,774590033,0.5222222222222223,0.5222222222222223,0.5779617559991895,-0.08666666666666667
260,620535556,0.5370370370370371,0.5370370370370371,0.6560391213904556,0.012771392081736943
261,774241138,0.5466666666666666,0.5466666666666666,0.5855438173667011,-0.04888888888888898
262,683739035,0.5333333333333333,0.5333333333333333,0.5509985239098204,-0.023809523809523836
263,572266708,0.5410714285714285,0.5410714285714285,0.5869457559691758,0.04553571428571429
264,571734323,0.5273297491039426,0.5273297491039426,0.5774827472495098,0.05197132616487449
265,572664370,0.5333333333333333,0.5333333333333333,0.6418988334473924,-0.021428571428571463
266,774621409,0.5066666666666667,0.5066666666666667,0.541862706366675,-0.09999999999999998
267,774266440,0.4955555555555555,0.4955555555555555,0.5010359754325582,-0.10888888888888892
268,571829234,0.5416666666666666,0.5416666666666666,0.5716578783497602,0.024621212121212044
269,774446822,0.5777777777777777,0.5777777777777777,0.6148699145886952,-0.0311111111111112
270,572158302,0.514784946236559,0.514784946236559,0.5822259356506221,0.03225806451612895
271,565766526,0.5254154447702835,0.5254154447702835,0.6566245130054134,0.009775171065493637
272,572261080,0.5595238095238095,0.5595238095238095,0.5741770536907742,0.0023809523809523725
273,572741130,0.5491071428571428,0.5491071428571428,0.5060628623080818,0.042857142857142816
274,746705132,0.5084942084942085,0.5084942084942085,0.44648031084539974,-0.01698841698841702
275,774445899,0.5577777777777778,0.5577777777777778,0.564772292475307,-0.053333333333333344
276,574118050,0.5445151033386327,0.5445151033386327,0.6043211766324058,0.038155802861685184
277,706168614,0.5476190476190477,0.5476190476190477,0.6456573409430469,-0.00952380952380949
278,572735102,0.53125,0.53125,0.5459821346924869,0.008928571428571397
279,620591648,0.5504385964912281,0.5504385964912281,0.6702938058306381,0.032163742690058506
280,774589874,0.5777777777777777,0.5777777777777777,0.5910648468055757,-0.004444444444444473
281,617692529,0.5367074527252502,0.5367074527252502,0.6432647608483855,0.015572858731924377
282,618058102,0.5582706766917294,0.5582706766917294,0.709516569606803,0.0541353383458647
283,572132189,0.5685483870967741,0.5685483870967741,0.6109487389291759,0.09408602150537632
284,774621349,0.6022222222222222,0.6022222222222222,0.5573630257705164,-0.020000000000000018
285,774620167,0.5933333333333333,0.5933333333333333,0.6338596008977064,0.011111111111111072
286,746705132,0.544015444015444,0.544015444015444,0.6796189702093717,0.018532818532818518
287,573777420,0.5086466165413535,0.5086466165413535,0.5501675802136073,0.0015037593984962294
288,774260344,0.4866666666666667,0.4866666666666667,0.5292073902174814,-0.13111111111111107
289,587286221,0.5512820512820512,0.5512820512820512,0.6648794780040009,0.024216524216524205
290,574118187,0.5302066772655007,0.5302066772655007,0.6074024900710904,0.01669316375198726
291,774446822,0.5422222222222222,0.5422222222222222,0.5755489777061911,-0.06666666666666676
292,587286221,0.5512820512820512,0.5512820512820512,0.6374029665298017,0.024216524216524205
293,774584481,0.528888888888889,0.528888888888889,0.5401874760877546,-0.0888888888888888
294,587277184,0.5564516129032258,0.5564516129032258,0.6675641858500571,0.05299539170506906
295,620535556,0.5510855683269477,0.5510855683269477,0.6627016707214913,0.026819923371647514
296,617631185,0.5511853448275862,0.5511853448275862,0.6567017505790498,0.04094827586206895
297,680844288,0.530952380952381,0.530952380952381,0.5772034046223498,-0.01666666666666672
298,774588572,0.5311111111111111,0.5311111111111111,0.5515104635953285,-0.05555555555555558
299,572659799,0.5422201138519924,0.5422201138519924,0.6221553384324662,0.03700189753320693
300,706168614,0.5523809523809524,0.5523809523809524,0.5170974978353945,-0.004761904761904745
301,618058102,0.5567669172932331,0.5567669172932331,0.7161103590150205,0.052631578947368474
302,774446822,0.5377777777777778,0.5377777777777778,0.5555787205120994,-0.07111111111111112
303,572735102,0.5107142857142857,0.5107142857142857,0.5798590075194182,-0.011607142857142927
304,773587767,0.5822222222222222,0.5822222222222222,0.7378096419816798,-0.011111111111111072
305,774621349,0.4488888888888889,0.4488888888888889,0.4960002348482634,-0.17333333333333334
306,774445899,0.5266666666666666,0.5266666666666666,0.5569651501455988,-0.08444444444444454
307,571173535,0.5148148148148148,0.5148148148148148,0.592434645311328,0.0222222222222222
308,710784968,0.5714285714285715,0.5714285714285715,0.6533024619155748,0.004761904761904745
309,774588803,0.5533333333333333,0.5533333333333333,0.5356939112871606,-0.02444444444444438
310,572665755,0.5580357142857142,0.5580357142857142,0.6738497605304581,0.05446428571428563
311,774588572,0.5355555555555556,0.5355555555555556,0.5697502968974669,-0.05111111111111111
312,574118050,0.514308426073132,0.514308426073132,0.6068046965278716,0.007949125596184436
313,572663090,0.550055617352614,0.550055617352614,0.6703885227633345,0.028921023359288145
314,774590033,0.5244444444444445,0.5244444444444445,0.5224140552153782,-0.08444444444444443
315,572180043,0.5255376344086021,0.5255376344086021,0.6127390701097992,0.03942652329749102
316,774258146,0.6022222222222222,0.6022222222222222,0.6620892847637343,0.026666666666666616
317,620590707,0.5504385964912281,0.5504385964912281,0.7242329316561809,0.032163742690058506
318,572669556,0.5357142857142856,0.5357142857142856,0.7050819857573396,0.02678571428571419
319,773587767,0.5933333333333333,0.5933333333333333,0.7415992159967921,0.0
320,774621409,0.5422222222222222,0.5422222222222222,0.5719888694192121,-0.06444444444444453
321,774621409,0.5777777777777777,0.5777777777777777,0.6084375777002163,-0.028888888888888964
322,617631185,0.5511853448275862,0.5511853448275862,0.6451776972100766,0.04094827586206895
323,572158302,0.5434587813620071,0.5434587813620071,0.5549748724417672,0.060931899641577025
324,683722377,0.575187969924812,0.575187969924812,0.6428941182593434,-0.007518796992481258
325,706168614,0.5404761904761904,0.5404761904761904,0.5276351914351224,-0.01666666666666672
326,683739035,0.5476190476190477,0.5476190476190477,0.5911441445647656,-0.00952380952380949
327,774371009,0.5466666666666666,0.5466666666666666,0.534997476040998,-0.07111111111111112
328,572274981,0.5160714285714285,0.5160714285714285,0.6080616956688893,0.011607142857142816
329,774241138,0.5577777777777778,0.5577777777777778,0.6559371443918809,-0.0377777777777778
330,571734323,0.5748207885304659,0.5748207885304659,0.692283262124525,0.09946236559139782
331,572569256,0.5642857142857144,0.5642857142857144,0.6217692999170343,0.009523809523809601
332,774589874,0.5711111111111111,0.5711111111111111,0.5557068223760862,-0.011111111111111072
333,620535556,0.5510855683269477,0.5510855683269477,0.705380979886897,0.026819923371647514
334,574118050,0.5572337042925278,0.5572337042925278,0.5842896457124065,0.05087440381558028
335,680844288,0.5690476190476191,0.5690476190476191,0.6413764752243878,0.021428571428571463
336,572735102,0.5446428571428571,0.5446428571428571,0.6423249911434651,0.022321428571428492
337,573777420,0.5319548872180452,0.5319548872180452,0.6268976571448177,0.024812030075187952
338,572642875,0.5303571428571427,0.5303571428571427,0.48095667947615905,0.02678571428571419
339,617680618,0.537218045112782,0.537218045112782,0.6191771073700278,0.03308270676691738
340,619575286,0.5476190476190476,0.5476190476190476,0.6968113596854224,0.032900432900432874
341,572669556,0.5482142857142857,0.5482142857142857,0.6460808978641824,0.03928571428571426
342,572741130,0.5116071428571428,0.5116071428571428,0.5453692349801145,0.005357142857142838
343,587270777,0.5369047619047619,0.5369047619047619,0.5982182500510493,0.020238095238095166
344,571827697,0.5717317487266554,0.5717317487266554,0.6182804572386145,0.12478777589134132
345,617631185,0.5533405172413793,0.5533405172413793,0.5953641867150881,0.0431034482758621
346,620591648,0.5365497076023392,0.5365497076023392,0.6087521177855238,0.018274853801169666
347,619575286,0.5268398268398268,0.5268398268398268,0.5897666774824195,0.012121212121212088
348,587270777,0.5214285714285715,0.5214285714285715,0.5793407591802309,0.004761904761904745
349,572132189,0.5577956989247311,0.5577956989247311,0.6275366921274255,0.08333333333333331
350,568299456,0.5839160839160839,0.5839160839160839,0.6384250655120742,-0.020979020979021046
351,774584481,0.4866666666666667,0.4866666666666667,0.47325045161336576,-0.13111111111111107
352,620533797,0.543859649122807,0.543859649122807,0.681772574719473,0.032163742690058506
353,618058102,0.5507518796992482,0.5507518796992482,0.7145482446397834,0.046616541353383556
354,774621349,0.5711111111111111,0.5711111111111111,0.5830770517656803,-0.05111111111111111
355,774258146,0.46444444444444444,0.46444444444444444,0.4664200208794276,-0.11111111111111116
356,617680618,0.5229323308270677,0.5229323308270677,0.5944255339926869,0.018796992481203034
357,572274038,0.5473214285714285,0.5473214285714285,0.5973444554000084,0.03928571428571426
358,774588679,0.5482456140350876,0.5482456140350876,0.5073606559442246,-0.10964912280701755
359,617681746,0.5378197997775306,0.5378197997775306,0.6528701859657915,0.016685205784204737
360,574118187,0.4984101748807631,0.4984101748807631,0.6238189440029811,-0.015103338632750374
361,774605807,0.5044444444444445,0.5044444444444445,0.49742420449565655,-0.10444444444444445
362,572219491,0.5107142857142857,0.5107142857142857,0.5637309937880455,0.0035714285714285587
363,620480535,0.5248538011695907,0.5248538011695907,0.6740660560528056,0.008040935672514626
364,572661645,0.5303571428571427,0.5303571428571427,0.6655268389320066,0.02767857142857133
365,573612979,0.5357142857142856,0.5357142857142856,0.5996824779916308,0.02767857142857133
366,774258146,0.5822222222222222,0.5822222222222222,0.5903055782734852,0.006666666666666599
367,572219491,0.5303571428571427,0.5303571428571427,0.5205908864492007,0.023214285714285632
368,620480535,0.5431286549707602,0.5431286549707602,0.6777511841363663,0.02631578947368418
369,617639585,0.5619047619047619,0.5619047619047619,0.64920524338399,0.004761904761904745
370,572663312,0.545066413662239,0.545066413662239,0.6590848945442358,0.03130929791271342
371,573677038,0.5383928571428571,0.5383928571428571,0.6163934407471541,0.03392857142857142
372,573777420,0.5093984962406015,0.5093984962406015,0.6122099306145539,0.0022556390977442886
373,774616590,0.5711111111111111,0.5711111111111111,0.5494980907925547,-0.046666666666666634
374,572642875,0.5410714285714285,0.5410714285714285,0.6090380787446698,0.03749999999999998
375,617010721,0.5229323308270677,0.5229323308270677,0.5898826505354469,0.019548872180451093
376,683365076,0.5547619047619048,0.5547619047619048,0.5124465655882073,0.014285714285714346
377,573677038,0.5142857142857142,0.5142857142857142,0.6163283431093218,0.009821428571428537
378,573732851,0.5508928571428571,0.5508928571428571,0.6105178270925655,0.05267857142857141
379,774616816,0.46444444444444444,0.46444444444444444,0.5016666575985186,-0.16222222222222227
380,573777039,0.5523809523809524,0.5523809523809524,0.6210852760888005,-0.0023809523809523725
381,683711413,0.5714285714285715,0.5714285714285715,0.6129460339998538,0.011904761904761973
382,572641150,0.5473214285714285,0.5473214285714285,0.6223057110881924,0.045535714285714235
383,618058102,0.5424812030075189,0.5424812030075189,0.680948799110476,0.03834586466165424
384,620591648,0.547514619883041,0.547514619883041,0.6667809388062449,0.0292397660818714
385,620590707,0.5482456140350878,0.5482456140350878,0.6899647998269497,0.029970760233918203
386,774590033,0.5022222222222222,0.5022222222222222,0.5681649768268389,-0.10666666666666669
387,573430804,0.5407608695652174,0.5407608695652174,0.6706263763522912,0.005434782608695565
388,774446822,0.5111111111111112,0.5111111111111112,0.5493409263568562,-0.09777777777777774
389,774621409,0.5266666666666666,0.5266666666666666,0.5380231682354603,-0.08000000000000007
390,573732851,0.5410714285714285,0.5410714285714285,0.6035893535374943,0.04285714285714287
391,572664370,0.5380952380952381,0.5380952380952381,0.6289506162336836,-0.01666666666666672
392,574118050,0.548489666136725,0.548489666136725,0.5970151781575361,0.04213036565977746
393,620533797,0.5467836257309943,0.5467836257309943,0.7065812081408445,0.03508771929824572
394,573732851,0.5553571428571429,0.5553571428571429,0.6073435211980441,0.05714285714285722
395,703066934,0.5690476190476191,0.5690476190476191,0.6297443640906898,0.009523809523809601
396,587270777,0.5071428571428572,0.5071428571428572,0.58845815767708,-0.00952380952380949
397,572710446,0.5544642857142856,0.5544642857142856,0.6482395686290793,0.049107142857142794
398,572642875,0.54375,0.54375,0.5179403389459134,0.0401785714285714
399,774621349,0.5377777777777778,0.5377777777777778,0.5839956802427552,-0.08444444444444443
400,572132189,0.5488351254480286,0.5488351254480286,0.5848308452762971,0.07437275985663078
401,573776679,0.5523809523809524,0.5523809523809524,0.5917308033892157,-0.004761904761904745
402,707354621,0.5714285714285715,0.5714285714285715,0.6365746134208278,0.0
403,572669556,0.5482142857142857,0.5482142857142857,0.6284437389615454,0.03928571428571426
404,574118050,0.5476947535771065,0.5476947535771065,0.5603352331326638,0.04133545310015896
405,774584481,0.5444444444444445,0.5444444444444445,0.60068352329972,-0.07333333333333325
406,572228782,0.5258928571428572,0.5258928571428572,0.554002803983377,0.020535714285714324
407,774621409,0.5044444444444445,0.5044444444444445,0.501001385089582,-0.10222222222222221
408,774260344,0.5222222222222223,0.5222222222222223,0.5702401601747988,-0.0955555555555555
409,570817138,0.5722222222222222,0.5722222222222222,0.6901072656200554,0.08796296296296297
410,572580658,0.5526565464895635,0.5526565464895635,0.5998443404217519,0.048387096774193505
411,573777039,0.5285714285714286,0.5285714285714286,0.5010565210025703,-0.02619047619047621
412,572166969,0.5647619047619047,0.5647619047619047,0.61478896850026,0.09142857142857136
413,616644235,0.5357142857142857,0.5357142857142857,0.5480859831374187,-0.028571428571428692
414,774588679,0.5350877192982456,0.5350877192982456,0.5208719387839781,-0.12280701754385959
415,774589874,0.5844444444444445,0.5844444444444445,0.6440708935805852,0.0022222222222223476
416,774266796,0.45777777777777784,0.45777777777777784,0.4774646344942522,-0.15111111111111108
417,572732843,0.5476190476190477,0.5476190476190477,0.6258542309836458,-0.0071428571428571175
418,572759324,0.5357142857142856,0.5357142857142856,0.643374883343487,0.02857142857142847
419,572661645,0.5348214285714286,0.5348214285714286,0.6258864513584333,0.03214285714285714
420,683358906,0.5714285714285715,0.5714285714285715,0.6829115228244143,0.011904761904761973
421,573732851,0.5160714285714285,0.5160714285714285,0.6021679898439124,0.01785714285714285
422,774584481,0.5311111111111111,0.5311111111111111,0.5987727440530333,-0.08666666666666667
423,617631185,0.5511853448275862,0.5511853448275862,0.6608961926036053,0.04094827586206895
424,774445899,0.4666666666666667,0.4666666666666667,0.5049378646516314,-0.1444444444444445
425,572664370,0.5238095238095238,0.5238095238095238,0.5798253101333544,-0.030952380952380953
426,573677038,0.4946428571428571,0.4946428571428571,0.6065430115254286,-0.009821428571428592
427,572132481,0.5775089605734767,0.5775089605734767,0.6519412092132447,0.09767025089605735
428,572139050,0.5631720430107526,0.5631720430107526,0.6237248062173265,0.07706093189964153
429,573732851,0.5133928571428571,0.5133928571428571,0.6300791562283367,0.01517857142857143
430,774371009,0.4822222222222222,0.4822222222222222,0.5007855771333399,-0.13555555555555554
431,572118894,0.5676523297491038,0.5676523297491038,0.57777581179541,0.08960573476702499
432,572261080,0.5238095238095238,0.5238095238095238,0.5802481826227925,-0.033333333333333326
433,620480535,0.5467836257309943,0.5467836257309943,0.6732374099074115,0.029970760233918203
434,620485513,0.5467836257309943,0.5467836257309943,0.7123042168682386,0.032163742690058506
435,572132189,0.5712365591397849,0.5712365591397849,0.6012342848382647,0.09677419354838707
436,587286221,0.5455840455840456,0.5455840455840456,0.6989361523232386,0.0185185185185186
437,688072357,0.5642857142857144,0.5642857142857144,0.6584329193008699,0.009523809523809601
438,774589874,0.5844444444444445,0.5844444444444445,0.6065573339548077,0.0022222222222223476
439,572669556,0.5589285714285714,0.5589285714285714,0.6275092129302005,0.050000000000000044
440,617696903,0.5433501683501682,0.5433501683501682,0.7014097136387454,0.037878787878787845
441,774588679,0.5701754385964912,0.5701754385964912,0.5987990093009016,-0.08771929824561397
442,573677309,0.5383928571428571,0.5383928571428571,0.6284605283784279,0.02857142857142858
443,617010721,0.5402255639097745,0.5402255639097745,0.627488979293837,0.0368421052631579
444,617692529,0.5422691879866518,0.5422691879866518,0.6585452523440187,0.021134593993325956
445,706168614,0.55,0.55,0.6565997107171945,-0.0071428571428571175
446,620480535,0.5489766081871346,0.5489766081871346,0.691770029687585,0.032163742690058506
447,573430804,0.5480072463768116,0.5480072463768116,0.640678331586793,0.0126811594202898
448,774584481,0.5355555555555556,0.5355555555555556,0.5755394214675921,-0.0822222222222222
449,572710446,0.5285714285714285,0.5285714285714285,0.68448662085859,0.023214285714285632
450,683365076,0.5476190476190477,0.5476190476190477,0.6169683437044634,0.0071428571428572285
451,774590033,0.5755555555555556,0.5755555555555556,0.62594723567267,-0.033333333333333326
452,774241138,0.5577777777777778,0.5577777777777778,0.6204630336900349,-0.0377777777777778
453,571734935,0.5828853046594982,0.5828853046594982,0.6665815856852084,0.10752688172043007
454,572158302,0.5613799283154122,0.5613799283154122,0.6331518855767508,0.0788530465949821
455,572132189,0.5819892473118279,0.5819892473118279,0.647974311469839,0.10752688172043007
456,572741130,0.5214285714285714,0.5214285714285714,0.5154458561513049,0.015178571428571375
457,573777420,0.5364661654135339,0.5364661654135339,0.5939279614526455,0.02932330827067664
458,774590033,0.5244444444444445,0.5244444444444445,0.5565687305656649,-0.08444444444444443
459,683365076,0.5595238095238095,0.5595238095238095,0.6328996843733055,0.01904761904761909
460,683365076,0.5547619047619048,0.5547619047619048,0.5493339195959375,0.014285714285714346
461,571173535,0.5731481481481481,0.5731481481481481,0.7078147158784867,0.08055555555555544
462,774602173,0.5155555555555555,0.5155555555555555,0.5529941219857726,-0.09333333333333338
463,572580658,0.5355787476280834,0.5355787476280834,0.6309836699326838,0.03130929791271342
464,774266796,0.54,0.54,0.5668726445725397,-0.06888888888888889
465,565766526,0.5097751710654936,0.5097751710654936,0.7125253189957323,-0.0058651026392961825
466,688072357,0.5619047619047619,0.5619047619047619,0.6126974853566756,0.0071428571428571175
467,774588679,0.5789473684210525,0.5789473684210525,0.575909188982092,-0.07894736842105265
468,573777420,0.5364661654135339,0.5364661654135339,0.582263018674573,0.02932330827067664
469,587286221,0.5484330484330484,0.5484330484330484,0.6646022704918852,0.021367521367521403
470,572759324,0.5410714285714285,0.5410714285714285,0.5903533061952847,0.03392857142857142
471,619575286,0.5337662337662337,0.5337662337662337,0.6752005588185155,0.01904761904761898
472,774260344,0.5266666666666666,0.5266666666666666,0.5487586266813597,-0.09111111111111114
473,572118894,0.5327060931899641,0.5327060931899641,0.5868652584376933,0.05465949820788524
474,574118362,0.5111287758346582,0.5111287758346582,0.6208020348791143,-0.0015898251192368873
475,572139050,0.5434587813620071,0.5434587813620071,0.6493432194127533,0.05734767025089599
476,774620167,0.5377777777777778,0.5377777777777778,0.6035995899830849,-0.0444444444444444
477,572274038,0.5526785714285714,0.5526785714285714,0.6116211787047704,0.044642857142857095
478,572710446,0.5419642857142857,0.5419642857142857,0.7004783311190458,0.03660714285714284
479,572180043,0.5461469534050178,0.5461469534050178,0.6198867564038769,0.06003584229390674
480,573430804,0.5461956521739131,0.5461956521739131,0.6326671348892804,0.010869565217391242
481,774446822,0.5622222222222222,0.5622222222222222,0.6103191917739855,-0.046666666666666745
482,746705132,0.544015444015444,0.544015444015444,0.6041829150113917,0.018532818532818518
483,774621409,0.5155555555555555,0.5155555555555555,0.5481779986305496,-0.09111111111111114
484,746705132,0.5447876447876447,0.5447876447876447,0.6336987883253556,0.019305019305019266
485,572180043,0.5542114695340501,0.5542114695340501,0.6047095268122421,0.06810035842293899
486,572228782,0.5571428571428572,0.5571428571428572,0.6143191532011899,0.051785714285714324
487,683365076,0.5523809523809524,0.5523809523809524,0.6339237117146328,0.011904761904761973
488,572274981,0.5410714285714285,0.5410714285714285,0.5930581264397843,0.03660714285714284
489,571829234,0.540719696969697,0.540719696969697,0.6014858408511241,0.02367424242424243
490,571829234,0.5388257575757576,0.5388257575757576,0.5406681532135927,0.021780303030302983
491,617639585,0.55,0.55,0.6463621219370702,-0.0071428571428571175
492,573777039,0.5261904761904762,0.5261904761904762,0.5849221068366929,-0.02857142857142858
493,774589874,0.6000000000000001,0.6000000000000001,0.6472259455388685,0.017777777777777892
494,572180209,0.5357142857142857,0.5357142857142857,0.5967618270102591,-0.028571428571428692
495,774258626,0.5533333333333333,0.5533333333333333,0.6038247555063554,-0.05555555555555558
496,568299456,0.6048951048951049,0.6048951048951049,0.6901869033458782,0.0
497,572723377,0.5178571428571428,0.5178571428571428,0.6074117438159145,0.016071428571428514
498,565766526,0.5039100684261975,0.5039100684261975,0.6998947069158064,-0.011730205278592365
499,572663312,0.545066413662239,0.545066413662239,0.7056941775805452,0.03130929791271342
500,620591648,0.5292397660818714,0.5292397660818714,0.6304529611444998,0.010964912280701844
501,774371009,0.5444444444444445,0.5444444444444445,0.5439355179081268,-0.07333333333333325
502,571734323,0.5577956989247311,0.5577956989247311,0.5433298493957108,0.08243727598566303
503,774601140,0.548888888888889,0.548888888888889,0.5273076482194972,-0.06888888888888878
504,620591648,0.5423976608187134,0.5423976608187134,0.6434887971151709,0.02412280701754388
505,620485513,0.5314327485380118,0.5314327485380118,0.6673501914520183,0.016812865497076057
506,572180043,0.5246415770609318,0.5246415770609318,0.6436103486681649,0.038530465949820736
507,587286221,0.5455840455840456,0.5455840455840456,0.6933890004027655,0.0185185185185186
508,587271561,0.5440476190476191,0.5440476190476191,0.5748825418764457,0.020238095238095277
509,746705132,0.5478764478764478,0.5478764478764478,0.6763730713076594,0.02239382239382237
510,573777039,0.5595238095238095,0.5595238095238095,0.624828116662405,0.004761904761904745
511,573430804,0.5317028985507247,0.5317028985507247,0.6113226598294264,-0.0036231884057971175
512,572261080,0.55,0.55,0.6261772976154673,-0.0071428571428571175
513,774258626,0.5666666666666667,0.5666666666666667,0.636232563306971,-0.04222222222222227
514,572166969,0.5628571428571428,0.5628571428571428,0.6290929994978836,0.0895238095238095
515,774251100,0.49111111111111116,0.49111111111111116,0.5801289764126094,-0.13111111111111107
516,572158302,0.5300179211469533,0.5300179211469533,0.5616812396935718,0.047491039426523274
517,618058102,0.5394736842105264,0.5394736842105264,0.6305210931337142,0.03533834586466178
518,572723377,0.5473214285714285,0.5473214285714285,0.6572781789532692,0.045535714285714235
519,571827697,0.549660441426146,0.549660441426146,0.5979740392614831,0.10271646859083189
520,572261080,0.5238095238095238,0.5238095238095238,0.5983206675794898,-0.033333333333333326
521,746705132,0.5494208494208493,0.5494208494208493,0.6172230057609769,0.023938223938223868
522,774602173,0.5733333333333334,0.5733333333333334,0.6381345114352268,-0.03555555555555556
523,774588679,0.5263157894736842,0.5263157894736842,0.4694224334636494,-0.13157894736842102
524,774620167,0.5800000000000001,0.5800000000000001,0.578657589495341,-0.0022222222222221255
525,572261080,0.5547619047619048,0.5547619047619048,0.6289142770597428,-0.0023809523809523725
526,572132481,0.5694444444444444,0.5694444444444444,0.6026525777041463,0.0896057347670251
527,774266440,0.48888888888888893,0.48888888888888893,0.5265575882539613,-0.11555555555555552
528,774589874,0.548888888888889,0.548888888888889,0.6153372228055342,-0.033333333333333215
529,620485513,0.5431286549707602,0.5431286549707602,0.7038459786024746,0.028508771929824483
530,617692529,0.5278086763070078,0.5278086763070078,0.6469954665744835,0.006674082313681939
531,688072357,0.5452380952380952,0.5452380952380952,0.5892184294647512,-0.009523809523809601
532,608615216,0.5231660231660231,0.5231660231660231,0.5578530742359569,0.006177606177606099
533,572132189,0.5443548387096774,0.5443548387096774,0.5974040105000968,0.06989247311827956
534,568334975,0.6048951048951049,0.6048951048951049,0.45332822425050495,0.0
535,573430804,0.5335144927536232,0.5335144927536232,0.6076080897219261,-0.0018115942028986698
536,683739035,0.5452380952380952,0.5452380952380952,0.5632868358940989,-0.011904761904761973
537,572687246,0.5169642857142857,0.5169642857142857,0.6767984481162236,0.011607142857142816
538,571827697,0.5776740237691002,0.5776740237691002,0.6380326953190416,0.13073005093378604
539,774266796,0.5466666666666666,0.5466666666666666,0.5802246902871077,-0.06222222222222229
540,572713811,0.5544642857142856,0.5544642857142856,0.6790427453931868,0.05178571428571421
541,572274981,0.5544642857142856,0.5544642857142856,0.5687262957465606,0.04999999999999993
542,571734323,0.5757168458781361,0.5757168458781361,0.6497688047422269,0.10035842293906799
543,774602173,0.5688888888888889,0.5688888888888889,0.6196989625148244,-0.040000000000000036
544,572219491,0.5607142857142857,0.5607142857142857,0.5217242956482859,0.0535714285714286
545,774620167,0.5466666666666666,0.5466666666666666,0.5870018979762612,-0.03555555555555556
546,774266440,0.5511111111111111,0.5511111111111111,0.5495473322930153,-0.053333333333333344
547,573677038,0.5562499999999999,0.5562499999999999,0.58416430771875,0.05178571428571421
548,774266440,0.5466666666666666,0.5466666666666666,0.5320963784965661,-0.05777777777777782
549,572759324,0.5455357142857142,0.5455357142857142,0.6221473415166755,0.03839285714285712
550,680844288,0.5666666666666668,0.5666666666666668,0.6423146777478941,0.01904761904761909
551,571173535,0.5231481481481481,0.5231481481481481,0.6752896019901964,0.030555555555555503
552,572177292,0.5479390681003584,0.5479390681003584,0.6377043182196902,0.06989247311827956
553,617010721,0.5131578947368421,0.5131578947368421,0.5679014555818128,0.009774436090225547
554,774258626,0.5733333333333334,0.5733333333333334,0.657618993658363,-0.03555555555555556
555,620591648,0.5526315789473685,0.5526315789473685,0.7318270658339083,0.03435672514619892
556,683722377,0.5776942355889725,0.5776942355889725,0.6222966160692103,-0.005012531328320802
557,617010721,0.5319548872180452,0.5319548872180452,0.619130927703777,0.02857142857142858
558,774621349,0.5022222222222222,0.5022222222222222,0.5024183930620927,-0.12
559,571734935,0.5837813620071683,0.5837813620071683,0.6966897628441366,0.10842293906810024
560,571734323,0.5604838709677419,0.5604838709677419,0.666049619152327,0.08512544802867378
561,572665755,0.5419642857142857,0.5419642857142857,0.6670934473607655,0.03839285714285712
562,710784968,0.5714285714285715,0.5714285714285715,0.6784951884324041,0.004761904761904745
563,572580658,0.553605313092979,0.553605313092979,0.6490528254446972,0.04933586337760898
564,572219491,0.54375,0.54375,0.6348824859921857,0.03660714285714284
565,573024295,0.5333333333333333,0.5333333333333333,0.5761232594014819,-0.030952380952381064
566,572580658,0.527988614800759,0.527988614800759,0.5518800940385404,0.02371916508538896
567,774616590,0.5355555555555556,0.5355555555555556,0.5471670819658997,-0.0822222222222222
568,574118362,0.5453100158982512,0.5453100158982512,0.6243647349072183,0.032591414944356134
569,617696903,0.5576599326599326,0.5576599326599326,0.7061907114525857,0.05218855218855223
570,574186282,0.5492845786963434,0.5492845786963434,0.5792527425598005,0.04054054054054057
571,774588803,0.6133333333333333,0.6133333333333333,0.5820647476177331,0.03555555555555556
572,617631185,0.5457974137931034,0.5457974137931034,0.6740833766286994,0.03556034482758619
573,572665755,0.5607142857142857,0.5607142857142857,0.6948832478881555,0.05714285714285716
574,774584481,0.5577777777777778,0.5577777777777778,0.5627178302632427,-0.05999999999999994
575,574118362,0.5158982511923688,0.5158982511923688,0.5996577083512687,0.0031796502384736636
576,572164834,0.5533154121863799,0.5533154121863799,0.620697009475562,0.0734767025089606
577,774446822,0.52,0.52,0.5687990133951984,-0.0888888888888889
578,572641150,0.5455357142857142,0.5455357142857142,0.5699966381111806,0.043749999999999956
579,617010721,0.5349624060150376,0.5349624060150376,0.5812902419983711,0.03157894736842104
580,617639585,0.5595238095238095,0.5595238095238095,0.6809707668139455,0.0023809523809523725
581,572180209,0.5285714285714286,0.5285714285714286,0.5759121566789797,-0.03571428571428581
582,572158302,0.5577956989247311,0.5577956989247311,0.5576329729618702,0.07526881720430106
583,571827697,0.5785229202037352,0.5785229202037352,0.6506242678117339,0.13157894736842107
584,774584481,0.5377777777777778,0.5377777777777778,0.5330289896831576,-0.07999999999999996
585,574186282,0.5397456279809221,0.5397456279809221,0.6236130825749772,0.031001589825119247
586,688072357,0.5642857142857144,0.5642857142857144,0.6515436821893061,0.009523809523809601
587,573732851,0.5419642857142857,0.5419642857142857,0.5618728904276404,0.04375000000000001
588,572274038,0.5607142857142857,0.5607142857142857,0.6047900087741565,0.05267857142857146
589,573732851,0.5455357142857142,0.5455357142857142,0.6410764091899038,0.04732142857142857
590,572164834,0.5568996415770608,0.5568996415770608,0.5826876746170909,0.07706093189964153
591,572735102,0.5446428571428571,0.5446428571428571,0.6488796906613851,0.022321428571428492
592,774258146,0.5733333333333334,0.5733333333333334,0.6534566646540056,-0.0022222222222222365
593,573676948,0.5419642857142857,0.5419642857142857,0.595357130817521,0.03660714285714284
594,568334975,0.5979020979020978,0.5979020979020978,0.5508315510193619,-0.006993006993007089
595,707534724,0.5714285714285715,0.5714285714285715,0.5834421588677126,0.0
596,573612979,0.563392857142857,0.563392857142857,0.6162386485007353,0.05535714285714277
597,774589874,0.6133333333333333,0.6133333333333333,0.6275481377479404,0.03111111111111109
598,574118050,0.5445151033386327,0.5445151033386327,0.5585823461769656,0.038155802861685184
599,774258626,0.6022222222222222,0.6022222222222222,0.6603131101992495,-0.00666666666666671
600,572687246,0.5249999999999999,0.5249999999999999,0.5959607250366346,0.019642857142857073
601,774602173,0.52,0.52,0.5634009588376021,-0.0888888888888889
602,572180043,0.5658602150537634,0.5658602150537634,0.5623940515641128,0.07974910394265228
603,774446822,0.5244444444444445,0.5244444444444445,0.5926222767109193,-0.08444444444444443
604,774446822,0.5511111111111111,0.5511111111111111,0.5401838485301347,-0.05777777777777782
605,774446822,0.5155555555555555,0.5155555555555555,0.5740971634022909,-0.09333333333333338
606,571173535,0.5462962962962963,0.5462962962962963,0.672940200583413,0.05370370370370364
607,617010721,0.5477443609022558,0.5477443609022558,0.621428483065112,0.044360902255639156
608,620590707,0.5482456140350878,0.5482456140350878,0.6981089696423578,0.029970760233918203
609,774266440,0.5444444444444445,0.5444444444444445,0.5630161411051842,-0.05999999999999994
610,572274981,0.5508928571428571,0.5508928571428571,0.6232778608963873,0.046428571428571375
611,774620167,0.5866666666666667,0.5866666666666667,0.5997743492427748,0.004444444444444473
612,774260344,0.5622222222222222,0.5622222222222222,0.6127153071947681,-0.05555555555555558
613,683739035,0.5666666666666668,0.5666666666666668,0.565077407396645,0.009523809523809601
614,572741130,0.5616071428571427,0.5616071428571427,0.5609228298243903,0.05535714285714277
615,572723377,0.5330357142857143,0.5330357142857143,0.6113587526366967,0.03125
616,571734323,0.5766129032258064,0.5766129032258064,0.6901670581803435,0.10125448028673828
617,620533797,0.547514619883041,0.547514619883041,0.6941019424406332,0.035818713450292416
618,774588803,0.5888888888888889,0.5888888888888889,0.5836022349772029,0.011111111111111183
619,572665755,0.5330357142857143,0.5330357142857143,0.6670731107590236,0.02946428571428572
620,572661645,0.5544642857142856,0.5544642857142856,0.6481358202914654,0.05178571428571421
621,572219491,0.5303571428571427,0.5303571428571427,0.5913551309801582,0.023214285714285632
622,774590033,0.5666666666666667,0.5666666666666667,0.5887467424201679,-0.04222222222222227
623,572713811,0.5339285714285713,0.5339285714285713,0.6406923699709585,0.03124999999999989
624,617692529,0.528921023359288,0.528921023359288,0.6603538376233201,0.007786429365962189
625,572270296,0.54375,0.54375,0.5370239067869403,0.042857142857142816
626,774446822,0.52,0.52,0.5545333025858807,-0.0888888888888889
627,572641150,0.5464285714285714,0.5464285714285714,0.5844879439658409,0.044642857142857095
628,572132481,0.5515232974910393,0.5515232974910393,0.5951499208655994,0.07168458781362003
629,572713811,0.5419642857142857,0.5419642857142857,0.629234944264928,0.03928571428571426
630,707354621,0.5714285714285715,0.5714285714285715,0.5417521453710374,0.0
631,617639585,0.5476190476190477,0.5476190476190477,0.6232869267677698,-0.00952380952380949
632,616644235,0.5380952380952381,0.5380952380952381,0.4869882583748029,-0.02619047619047632
633,574118187,0.5063593004769475,0.5063593004769475,0.6056513292726993,-0.007154213036565937
634,572164834,0.5425627240143369,0.5425627240143369,0.6006677536370155,0.0627240143369176
635,572663312,0.545066413662239,0.545066413662239,0.6453445174368897,0.03130929791271342
636,572166969,0.5761904761904761,0.5761904761904761,0.6194802499242301,0.10285714285714281
637,703066934,0.5714285714285715,0.5714285714285715,0.6268832519062135,0.011904761904761973
638,774251100,0.5755555555555556,0.5755555555555556,0.5861330592661796,-0.046666666666666634
639,620535556,0.5523627075351213,0.5523627075351213,0.6591197930890985,0.02809706257982114
640,573677038,0.5169642857142857,0.5169642857142857,0.5466903168871204,0.012499999999999956
641,573732851,0.5669642857142856,0.5669642857142856,0.5852574305635396,0.06874999999999992
642,570755878,0.5448717948717948,0.5448717948717948,0.4984548603257938,-0.044871794871794934
643,572642875,0.5383928571428571,0.5383928571428571,0.6463678346901283,0.03482142857142856
644,574118050,0.5302066772655007,0.5302066772655007,0.5574778262384275,0.0238473767885532
645,587286221,0.5484330484330484,0.5484330484330484,0.6516980504601583,0.021367521367521403
646,710784968,0.5714285714285715,0.5714285714285715,0.6565742992745459,0.004761904761904745
647,774446822,0.5244444444444445,0.5244444444444445,0.5414393619486116,-0.08444444444444443
648,574118050,0.5127186009538951,0.5127186009538951,0.5584491218602639,0.006359300476947549
649,571734323,0.5649641577060931,0.5649641577060931,0.6588400339017411,0.08960573476702499
650,571829234,0.5416666666666666,0.5416666666666666,0.6061440243397966,0.024621212121212044
651,572735102,0.5374999999999999,0.5374999999999999,0.5750645231594156,0.015178571428571264
652,617010721,0.5131578947368421,0.5131578947368421,0.5847890164281934,0.009774436090225547
653,572741130,0.5580357142857142,0.5580357142857142,0.5907446675244388,0.05178571428571421
654,572732843,0.5261904761904762,0.5261904761904762,0.6026484619360601,-0.02857142857142858
655,572132481,0.5443548387096774,0.5443548387096774,0.5982339443489232,0.06451612903225806
656,706168614,0.55,0.55,0.6121285766144885,-0.0071428571428571175
657,572266708,0.5035714285714286,0.5035714285714286,0.5437094407026485,0.008035714285714313
658,774601140,0.5644444444444445,0.5644444444444445,0.5695743078599124,-0.05333333333333323
659,774241138,0.548888888888889,0.548888888888889,0.6422350810218274,-0.046666666666666634
660,617631185,0.5134698275862069,0.5134698275862069,0.5842426304912868,0.003232758620689613
661,774251100,0.508888888888889,0.508888888888889,0.5356977452682853,-0.11333333333333329
662,572132481,0.5470430107526881,0.5470430107526881,0.5790331929025557,0.06720430107526881
663,608615216,0.5517374517374517,0.5517374517374517,0.5949271865162025,0.03474903474903468
664,574186282,0.546899841017488,0.546899841017488,0.6149055367681855,0.038155802861685184
665,774258626,0.5911111111111111,0.5911111111111111,0.6457785041033774,-0.01777777777777778
666,572663312,0.5355787476280834,0.5355787476280834,0.5756586650127471,0.0218216318785579
667,574118187,0.5174880763116058,0.5174880763116058,0.5886812241782591,0.003974562798092274
668,710784968,0.5714285714285715,0.5714285714285715,0.5788641452077576,0.004761904761904745
669,572164834,0.5156810035842294,0.5156810035842294,0.5037523064985827,0.035842293906810097
670,774241138,0.6000000000000001,0.6000000000000001,0.6344051849907901,0.004444444444444473
671,573430804,0.526268115942029,0.526268115942029,0.47577086158405024,-0.009057971014492794
672,774266796,0.5622222222222222,0.5622222222222222,0.5710857691382334,-0.046666666666666745
673,683739035,0.5547619047619048,0.5547619047619048,0.6071178335266737,-0.0023809523809523725
674,774588679,0.5,0.5,0.5121594796790105,-0.1578947368421052
675,774621409,0.5822222222222222,0.5822222222222222,0.5358106513864834,-0.02444444444444449
676,572659799,0.5393738140417457,0.5393738140417457,0.5927301024490643,0.034155597722960174
677,572659799,0.5118595825426945,0.5118595825426945,0.5540919052767264,0.006641366223908984
678,774589874,0.5466666666666666,0.5466666666666666,0.5841306624439769,-0.03555555555555556
679,572759324,0.5491071428571428,0.5491071428571428,0.5349414796516587,0.041964285714285676
680,683365076,0.5619047619047619,0.5619047619047619,0.6382297257133018,0.021428571428571463
681,573677038,0.5205357142857142,0.5205357142857142,0.589636992311007,0.016071428571428514
682,572261080,0.5476190476190477,0.5476190476190477,0.6423961392312318,-0.00952380952380949
683,774620167,0.5933333333333333,0.5933333333333333,0.588994698243174,0.011111111111111072
684,572139050,0.5721326164874552,0.5721326164874552,0.5422987967047609,0.08602150537634407
685,572266708,0.5482142857142857,0.5482142857142857,0.5199467931798187,0.05267857142857141
686,574118187,0.5222575516693163,0.5222575516693163,0.576728903519148,0.008744038155802825
687,572261080,0.5333333333333333,0.5333333333333333,0.6120978660275881,-0.023809523809523836
688,774590033,0.56,0.56,0.5283526021975977,-0.04888888888888887
689,572274038,0.5419642857142857,0.5419642857142857,0.6213091544425638,0.03392857142857142
690,572228782,0.4991071428571429,0.4991071428571429,0.5410943288282675,-0.006249999999999922
691,774446822,0.548888888888889,0.548888888888889,0.5804566132842608,-0.05999999999999994
692,620480535,0.5314327485380118,0.5314327485380118,0.6247752994030767,0.014619883040935755
693,618058102,0.5567669172932331,0.5567669172932331,0.6935629184583915,0.052631578947368474
694,565766526,0.5332355816226784,0.5332355816226784,0.608442225242355,0.017595307917888547
695,568299456,0.5209790209790209,0.5209790209790209,0.4752066175214277,-0.08391608391608396
696,572663090,0.5567296996662958,0.5567296996662958,0.6679532590687935,0.03559510567296997
697,572661645,0.5374999999999999,0.5374999999999999,0.663324657545173,0.03482142857142845
698,617010721,0.5357142857142857,0.5357142857142857,0.5626974214085315,0.0323308270676691
699,571734935,0.5819892473118279,0.5819892473118279,0.692847985555825,0.10663082437275978
700,774602173,0.5711111111111111,0.5711111111111111,0.5715921769296951,-0.0377777777777778
701,680844288,0.5595238095238095,0.5595238095238095,0.652971202084448,0.011904761904761862
702,703066934,0.5714285714285715,0.5714285714285715,0.6313067872006013,0.011904761904761973
703,774601140,0.5333333333333333,0.5333333333333333,0.5445590194250498,-0.08444444444444443
704,574186282,0.5151033386327504,0.5151033386327504,0.47126601594500866,0.006359300476947549
705,572274038,0.5249999999999999,0.5249999999999999,0.6125685527349118,0.016964285714285654
706,571829234,0.5388257575757576,0.5388257575757576,0.5673295225455209,0.021780303030302983
707,572735102,0.5374999999999999,0.5374999999999999,0.5993650939741016,0.015178571428571264
708,619575286,0.5277056277056277,0.5277056277056277,0.6342636807030615,0.012987012987012991
709,565766526,0.5058651026392962,0.5058651026392962,0.7504988427014075,-0.009775171065493637
710,703066934,0.5690476190476191,0.5690476190476191,0.6423352657205864,0.009523809523809601
711,572118894,0.5380824372759856,0.5380824372759856,0.5508162978390583,0.06003584229390674
712,683711413,0.5690476190476191,0.5690476190476191,0.6237837535149763,0.009523809523809601
713,572735102,0.53125,0.53125,0.5554815050826012,0.008928571428571397
714,774588572,0.528888888888889,0.528888888888889,0.5864313504862807,-0.057777777777777706
715,572723377,0.5482142857142857,0.5482142857142857,0.6416264828386338,0.046428571428571375
716,774616816,0.5622222222222222,0.5622222222222222,0.584231986804031,-0.06444444444444453
717,774621409,0.5133333333333333,0.5133333333333333,0.47559320750799683,-0.09333333333333338
718,572664370,0.5380952380952381,0.5380952380952381,0.640832759887529,-0.01666666666666672
719,572759324,0.5169642857142857,0.5169642857142857,0.5342938488692143,0.009821428571428537
720,565766526,0.5469208211143695,0.5469208211143695,0.6419865859021546,0.03128054740957964
721,572580658,0.5384250474383301,0.5384250474383301,0.5853715926388845,0.03415559772296006
722,573776679,0.5380952380952381,0.5380952380952381,0.6456142953243338,-0.01904761904761909
723,620590707,0.5497076023391813,0.5497076023391813,0.68671083509899,0.0314327485380117
724,774588572,0.6022222222222222,0.6022222222222222,0.5920976576839313,0.015555555555555545
725,572663312,0.5583491461100569,0.5583491461100569,0.697881246145597,0.04459203036053139
726,572180209,0.5380952380952381,0.5380952380952381,0.6077986207973797,-0.02619047619047632
727,572180043,0.5649641577060931,0.5649641577060931,0.5275891683145649,0.07885304659498199
728,617680618,0.5454887218045114,0.5454887218045114,0.6376116685312897,0.0413533834586467
729,571734323,0.5873655913978495,0.5873655913978495,0.6135305423468284,0.11200716845878139
730,706168614,0.55,0.55,0.5971623450841672,-0.0071428571428571175
731,683739035,0.5690476190476191,0.5690476190476191,0.5913708799828655,0.011904761904761973
732,565766526,0.5039100684261975,0.5039100684261975,0.6267804984478558,-0.011730205278592365
733,587277184,0.5195852534562212,0.5195852534562212,0.6910788856639702,0.016129032258064502
734,572732843,0.5380952380952381,0.5380952380952381,0.6078854685399206,-0.01666666666666672
735,568299456,0.5909090909090909,0.5909090909090909,0.619814464830343,-0.013986013986013957
736,572166969,0.5609523809523809,0.5609523809523809,0.6313435399859098,0.08761904761904754
737,572158302,0.5452508960573477,0.5452508960573477,0.6310659972290208,0.0627240143369176
738,572274981,0.53125,0.53125,0.6356394792145549,0.0267857142857143
739,571734935,0.5622759856630823,0.5622759856630823,0.5717301685828806,0.08691756272401424
740,574118050,0.5349761526232114,0.5349761526232114,0.637987760883181,0.02861685214626386
741,774590033,0.5755555555555556,0.5755555555555556,0.5877604818873038,-0.033333333333333326
742,774588572,0.5955555555555556,0.5955555555555556,0.6399187803154622,0.008888888888888946
743,572759324,0.5473214285714285,0.5473214285714285,0.5986225029422189,0.0401785714285714
744,774258146,0.6133333333333333,0.6133333333333333,0.6719069767147894,0.03777777777777769
745,570755878,0.6089743589743589,0.6089743589743589,0.6476271095345587,0.019230769230769162
746,572274981,0.5374999999999999,0.5374999999999999,0.6184936581190101,0.03303571428571417
747,572274981,0.5357142857142856,0.5357142857142856,0.6257170737046857,0.03124999999999989
748,571734323,0.5703405017921146,0.5703405017921146,0.5667583948816919,0.09498207885304649
749,572158302,0.5255376344086021,0.5255376344086021,0.5567236160447087,0.04301075268817206
750,774621409,0.5777777777777777,0.5777777777777777,0.5641371046029353,-0.028888888888888964
751,572580658,0.5412713472485768,0.5412713472485768,0.6504365871549106,0.03700189753320682
752,617010721,0.5139097744360902,0.5139097744360902,0.5555952688157508,0.010526315789473606
753,617696903,0.5408249158249158,0.5408249158249158,0.6699495258497956,0.03535353535353536
754,617681746,0.532258064516129,0.532258064516129,0.6724193983008748,0.011123470522803158
755,774588679,0.5570175438596491,0.5570175438596491,0.5617272785989279,-0.10087719298245612
756,707354621,0.5547619047619048,0.5547619047619048,0.6192106071989618,-0.01666666666666672
757,620535556,0.553639846743295,0.553639846743295,0.6705287508784069,0.02937420178799488
758,572180043,0.5443548387096774,0.5443548387096774,0.5155234974984402,0.058243727598566275
759,571829234,0.5445075757575757,0.5445075757575757,0.5812737513144854,0.027462121212121104
760,570814567,0.5444444444444444,0.5444444444444444,0.7239956262124199,0.050925925925925875
761,572665755,0.5241071428571429,0.5241071428571429,0.6218686223396919,0.020535714285714324
762,572118894,0.5739247311827956,0.5739247311827956,0.6371166999298391,0.09587813620071678
763,774590033,0.5511111111111111,0.5511111111111111,0.5469227086838554,-0.05777777777777782
764,574121126,0.5476947535771065,0.5476947535771065,0.5865374272701745,0.043720190779014345
765,619575286,0.5484848484848484,0.5484848484848484,0.6745946903302398,0.033766233766233666
766,572569256,0.5690476190476191,0.5690476190476191,0.6493453780021387,0.014285714285714346
767,774446822,0.5422222222222222,0.5422222222222222,0.5675646910339321,-0.06666666666666676
768,572132481,0.5407706093189963,0.5407706093189963,0.6069614504995087,0.060931899641577025
769,572580658,0.5270398481973434,0.5270398481973434,0.5908189221066713,0.022770398481973375
770,620485513,0.543859649122807,0.543859649122807,0.6745805712675125,0.029239766081871288
771,683739035,0.55,0.55,0.6230121675409696,-0.0071428571428571175
772,773587767,0.52,0.52,0.5928798679624336,-0.07333333333333325
773,774616590,0.54,0.54,0.5747191989498328,-0.07777777777777772
774,774588803,0.5577777777777778,0.5577777777777778,0.568854594580629,-0.019999999999999907
775,619575286,0.5502164502164502,0.5502164502164502,0.6655399802083429,0.03549783549783547
776,774621349,0.5866666666666667,0.5866666666666667,0.5764713096349674,-0.03555555555555556
777,617696903,0.5138888888888888,0.5138888888888888,0.6458456550983459,0.008417508417508435
778,706168614,0.5238095238095238,0.5238095238095238,0.6039953033864397,-0.033333333333333326
779,571829234,0.5369318181818181,0.5369318181818181,0.5260313711589995,0.019886363636363535
780,774605807,0.5444444444444445,0.5444444444444445,0.5341127705062937,-0.06444444444444442
781,572642875,0.5303571428571427,0.5303571428571427,0.6297096079621108,0.02678571428571419
782,572261080,0.5476190476190477,0.5476190476190477,0.5701906206961808,-0.00952380952380949
783,774621349,0.5311111111111111,0.5311111111111111,0.601571511182835,-0.09111111111111114
784,774445899,0.5644444444444445,0.5644444444444445,0.6322536700930371,-0.046666666666666634
785,573024295,0.5523809523809524,0.5523809523809524,0.6843234896128564,-0.011904761904761973
786,572132189,0.5604838709677419,0.5604838709677419,0.5516467846855994,0.08602150537634407
787,572732843,0.5476190476190477,0.5476190476190477,0.6106129300746586,-0.0071428571428571175
788,774588803,0.56,0.56,0.5579618909825368,-0.01777777777777767
789,572732843,0.5404761904761904,0.5404761904761904,0.6217845414384828,-0.014285714285714346
790,572166969,0.5571428571428572,0.5571428571428572,0.5989006666588819,0.08380952380952383
791,572664370,0.5357142857142857,0.5357142857142857,0.5837774387515771,-0.01904761904761909
792,774445899,0.54,0.54,0.6019022840944359,-0.07111111111111112
793,573777420,0.5319548872180452,0.5319548872180452,0.5786042583744005,0.024812030075187952
794,572735102,0.5464285714285714,0.5464285714285714,0.5579109474561931,0.02410714285714277
795,774445899,0.5244444444444445,0.5244444444444445,0.5776492067228464,-0.08666666666666667
796,774241138,0.5866666666666667,0.5866666666666667,0.6382809617318609,-0.008888888888888946
797,683365076,0.5595238095238095,0.5595238095238095,0.6100981848480335,0.01904761904761909
798,620590707,0.5314327485380118,0.5314327485380118,0.601066936452683,0.013157894736842257
799,568299456,0.5559440559440559,0.5559440559440559,0.5225288871752136,-0.04895104895104896
800,571734935,0.5497311827956989,0.5497311827956989,0.6666517363730401,0.07437275985663078
801,774445831,0.5444444444444445,0.5444444444444445,0.5238713262037838,-0.06444444444444442
802,774251100,0.52,0.52,0.5804431959911885,-0.10222222222222221
803,570814567,0.5231481481481481,0.5231481481481481,0.7340019607420397,0.029629629629629617
804,571829234,0.5426136363636364,0.5426136363636364,0.5894047658674278,0.025568181818181768
805,572723377,0.5366071428571428,0.5366071428571428,0.6143429201911615,0.03482142857142856
806,774258626,0.5911111111111111,0.5911111111111111,0.6343565424890867,-0.01777777777777778
807,572687246,0.5285714285714285,0.5285714285714285,0.6260662744827377,0.023214285714285632
808,774588572,0.5333333333333333,0.5333333333333333,0.5819420005266892,-0.053333333333333344
809,573777420,0.5349624060150376,0.5349624060150376,0.5857383094920082,0.02781954887218041
810,707354621,0.530952380952381,0.530952380952381,0.5129818788798064,-0.040476190476190554
811,620591648,0.537280701754386,0.537280701754386,0.6020527823028523,0.01900584795321647
812,572117344,0.5690476190476191,0.5690476190476191,0.6693608279305051,-0.0023809523809523725
813,570814567,0.549074074074074,0.549074074074074,0.6442005295631756,0.055555555555555525
814,572177292,0.5533154121863799,0.5533154121863799,0.49306519309495456,0.07526881720430106
815,774621409,0.5777777777777777,0.5777777777777777,0.5543413186206946,-0.028888888888888964
816,710784968,0.5714285714285715,0.5714285714285715,0.5978206821759042,0.004761904761904745
817,774445831,0.5911111111111111,0.5911111111111111,0.5808798582832654,-0.01777777777777778
818,774371009,0.5666666666666667,0.5666666666666667,0.5563315333842938,-0.05111111111111111
819,572687246,0.5071428571428571,0.5071428571428571,0.6345529920093607,0.0017857142857142794
820,774588803,0.5688888888888889,0.5688888888888889,0.595232293399003,-0.008888888888888835
821,683358906,0.5714285714285715,0.5714285714285715,0.6274246355974982,0.011904761904761973
822,570814567,0.5537037037037036,0.5537037037037036,0.7184268727257036,0.060185185185185064
823,774621409,0.5911111111111111,0.5911111111111111,0.5669917581390161,-0.015555555555555545
824,617631185,0.5393318965517242,0.5393318965517242,0.6671178830493517,0.02909482758620696
825,587286221,0.5199430199430198,0.5199430199430198,0.6168196033889971,-0.007122507122507171
826,683358906,0.5714285714285715,0.5714285714285715,0.6457988678494951,0.011904761904761973
827,572228782,0.5053571428571428,0.5053571428571428,0.609493361825137,0.0
828,573612979,0.5125,0.5125,0.5221623425739068,0.004464285714285698
829,619575286,0.5458874458874459,0.5458874458874459,0.6760256354619921,0.03116883116883118
830,774589874,0.6044444444444445,0.6044444444444445,0.6336252341066502,0.022222222222222254
831,774620167,0.5688888888888889,0.5688888888888889,0.541749062448329,-0.013333333333333308
832,774260344,0.5666666666666667,0.5666666666666667,0.60855920363842,-0.05111111111111111
833,570814567,0.5351851851851852,0.5351851851851852,0.7210327598365736,0.041666666666666685
834,619575286,0.5380952380952381,0.5380952380952381,0.6785467848163346,0.023376623376623384
835,572228782,0.4928571428571428,0.4928571428571428,0.4621456343721796,-0.012500000000000011
836,710784968,0.5714285714285715,0.5714285714285715,0.5968641534717789,0.004761904761904745
837,572118894,0.5282258064516129,0.5282258064516129,0.5892860603132695,0.050179211469534024
838,572659799,0.5526565464895635,0.5526565464895635,0.586048582614248,0.04743833017077803
839,572166969,0.5009523809523809,0.5009523809523809,0.5586526002494699,0.0276190476190476
840,608615216,0.5262548262548262,0.5262548262548262,0.5645152201768533,0.009266409266409203
841,616644235,0.5261904761904762,0.5261904761904762,0.5678203730784365,-0.03809523809523818
842,572580658,0.5175521821631879,0.5175521821631879,0.5376627374525981,0.013282732447817858
843,746705132,0.5355212355212354,0.5355212355212354,0.5430190820313754,0.010038610038609952
844,572139050,0.5219534050179211,0.5219534050179211,0.4998769671868376,0.035842293906809986
845,680844288,0.5357142857142857,0.5357142857142857,0.6599090003382909,-0.011904761904761973
846,587286221,0.5284900284900285,0.5284900284900285,0.6614652239704127,0.0014245014245014564
847,573612979,0.5169642857142857,0.5169642857142857,0.569546963121537,0.008928571428571397
848,572661645,0.5285714285714285,0.5285714285714285,0.6004409111987186,0.02589285714285705
849,565766526,0.5303030303030303,0.5303030303030303,0.5589158148471624,0.014662756598240456
850,774241138,0.5444444444444445,0.5444444444444445,0.6098730616899392,-0.05111111111111111
851,680844288,0.5642857142857144,0.5642857142857144,0.6707739274857786,0.01666666666666672
852,774241138,0.5155555555555555,0.5155555555555555,0.5069169573323866,-0.08000000000000007
853,573430804,0.542572463768116,0.542572463768116,0.6254325473109996,0.007246376811594124
854,572664370,0.5523809523809524,0.5523809523809524,0.5998131890014354,-0.0023809523809523725
855,574121126,0.5230524642289348,0.5230524642289348,0.48296645226969814,0.019077901430842648
856,572669556,0.5285714285714285,0.5285714285714285,0.6735167174725889,0.019642857142857073
857,571827697,0.552207130730051,0.552207130730051,0.5319949418612953,0.10526315789473689
858,572219491,0.5571428571428572,0.5571428571428572,0.4499798895481251,0.050000000000000044
859,572180209,0.5523809523809524,0.5523809523809524,0.6457171896336485,-0.011904761904761973
860,703066934,0.5690476190476191,0.5690476190476191,0.6200814040010423,0.009523809523809601
861,572661645,0.5044642857142857,0.5044642857142857,0.5777027424029024,0.0017857142857142794
862,574118050,0.5230524642289348,0.5230524642289348,0.564079446222322,0.01669316375198726
863,774445831,0.5355555555555556,0.5355555555555556,0.6077427721191389,-0.07333333333333336
864,573732851,0.5473214285714285,0.5473214285714285,0.5314303522840083,0.04910714285714285
865,707354621,0.5690476190476191,0.5690476190476191,0.6254583761290663,-0.0023809523809523725
866,572642875,0.4973214285714285,0.4973214285714285,0.5346407695808262,-0.006250000000000033
867,619575286,0.5285714285714285,0.5285714285714285,0.6610687446911883,0.013852813852813783
868,571173535,0.5305555555555554,0.5305555555555554,0.6359349747140405,0.03796296296296281
869,572735102,0.53125,0.53125,0.5294106306191582,0.008928571428571397
870,774588572,0.56,0.56,0.6151498552330129,-0.026666666666666616
871,572132481,0.5300179211469533,0.5300179211469533,0.48130228273991466,0.050179211469534024
872,774589874,0.5755555555555556,0.5755555555555556,0.6204889288097325,-0.006666666666666599
873,617680618,0.5274436090225564,0.5274436090225564,0.586329707809189,0.023308270676691722
874,774616590,0.5622222222222222,0.5622222222222222,0.5804338849556555,-0.05555555555555558
875,620533797,0.5431286549707602,0.5431286549707602,0.6575486044219018,0.0314327485380117
876,572570072,0.5276785714285714,0.5276785714285714,0.5388351777620173,0.016964285714285765
877,746705132,0.537065637065637,0.537065637065637,0.5792386812996505,0.01158301158301156
878,565766526,0.5058651026392962,0.5058651026392962,0.7019387332473422,-0.009775171065493637
879,572664370,0.5523809523809524,0.5523809523809524,0.6537154561918913,-0.0023809523809523725
880,572713811,0.5410714285714285,0.5410714285714285,0.65956831908189,0.03839285714285712
881,572659799,0.5479127134724857,0.5479127134724857,0.5707369711705605,0.04269449715370022
882,774266796,0.528888888888889,0.528888888888889,0.6168855917162624,-0.07999999999999996
883,618058102,0.5394736842105264,0.5394736842105264,0.6854546071154929,0.03533834586466178
884,572274981,0.5142857142857142,0.5142857142857142,0.6047085823058238,0.009821428571428537
885,683711413,0.5690476190476191,0.5690476190476191,0.5919123698021985,0.009523809523809601
886,774266440,0.5244444444444445,0.5244444444444445,0.5137534742896815,-0.07999999999999996
887,617631185,0.5037715517241379,0.5037715517241379,0.5925635938982086,-0.006465517241379337
888,774616590,0.5111111111111112,0.5111111111111112,0.5362821006189092,-0.10666666666666658
889,587271561,0.5428571428571429,0.5428571428571429,0.5791458353452887,0.01904761904761909
890,618058102,0.543984962406015,0.543984962406015,0.7047592770464873,0.03984962406015036
891,707354621,0.5690476190476191,0.5690476190476191,0.6709314789303236,-0.0023809523809523725
892,572759324,0.5392857142857143,0.5392857142857143,0.6172845072562879,0.03214285714285714
893,773587767,0.6466666666666667,0.6466666666666667,0.7775206734925965,0.053333333333333455
894,572164834,0.5613799283154122,0.5613799283154122,0.48694059639084436,0.08154121863799285
895,572732843,0.5261904761904762,0.5261904761904762,0.5641716910036652,-0.02857142857142858
896,572663312,0.5611954459203036,0.5611954459203036,0.6307601666236363,0.04743833017077803
897,572166969,0.5657142857142856,0.5657142857142856,0.6147040357947144,0.09238095238095229
898,774616816,0.5377777777777778,0.5377777777777778,0.5365525712280358,-0.0888888888888889
899,572659799,0.5498102466793169,0.5498102466793169,0.5743038008910715,0.04459203036053139
900,573777039,0.530952380952381,0.530952380952381,0.6024390905474316,-0.023809523809523836
901,774258146,0.5688888888888889,0.5688888888888889,0.5774841160590551,-0.00666666666666671
902,707354621,0.5714285714285715,0.5714285714285715,0.6748617058840964,0.0
903,572166969,0.5561904761904761,0.5561904761904761,0.6009326975504644,0.0828571428571428
904,617680618,0.5357142857142857,0.5357142857142857,0.6007459071069792,0.03157894736842104
905,774588572,0.5355555555555556,0.5355555555555556,0.5983069317669046,-0.05111111111111111
906,774251100,0.5444444444444445,0.5444444444444445,0.5987933420553752,-0.07777777777777772
907,571827697,0.5004244482173176,0.5004244482173176,0.5353031611042879,0.053480475382003456
908,572228782,0.5357142857142856,0.5357142857142856,0.5611091403808222,0.03035714285714275
909,574118362,0.5158982511923688,0.5158982511923688,0.5868719247300507,0.0031796502384736636
910,572732843,0.5666666666666668,0.5666666666666668,0.6450172631066098,0.011904761904761973
911,573776679,0.5452380952380952,0.5452380952380952,0.5906453291207491,-0.011904761904761973
912,572663090,0.5133481646273638,0.5133481646273638,0.5417399140476055,-0.007786429365962078
913,574118362,0.5310015898251191,0.5310015898251191,0.5529780865050148,0.018282988871224037
914,774258626,0.5666666666666667,0.5666666666666667,0.576128556304796,-0.04222222222222227
915,574186282,0.5254372019077901,0.5254372019077901,0.5317873972213799,0.01669316375198726
916,573677309,0.5267857142857142,0.5267857142857142,0.5439682538816304,0.016964285714285654
917,572274981,0.50625,0.50625,0.48621524653956927,0.0017857142857142794
918,572735102,0.5133928571428571,0.5133928571428571,0.5118807876524661,-0.008928571428571508
919,572669556,0.5410714285714285,0.5410714285714285,0.6879186585573738,0.03214285714285714
920,573612979,0.53125,0.53125,0.54061440945098,0.023214285714285743
921,774445899,0.5977777777777777,0.5977777777777777,0.5722949276035355,-0.01333333333333342
922,572569256,0.5523809523809524,0.5523809523809524,0.6566580871209043,-0.0023809523809523725
923,774371009,0.5422222222222222,0.5422222222222222,0.5853690213238907,-0.0755555555555556
924,774371009,0.5555555555555556,0.5555555555555556,0.5438575661083457,-0.06222222222222218
925,608615216,0.5038610038610039,0.5038610038610039,0.4756697317277012,-0.013127413127413168
926,571829234,0.5416666666666666,0.5416666666666666,0.5192618887223571,0.024621212121212044
927,568334975,0.5769230769230769,0.5769230769230769,0.6202627702090076,-0.027972027972028024
928,774605807,0.5555555555555556,0.5555555555555556,0.5580073865293296,-0.053333333333333344
929,568334975,0.5769230769230769,0.5769230769230769,0.6196424684690086,-0.027972027972028024
930,774260344,0.5888888888888889,0.5888888888888889,0.5994382560476819,-0.028888888888888853
931,774258626,0.5377777777777778,0.5377777777777778,0.5517614633930715,-0.07111111111111112
932,774602173,0.5622222222222222,0.5622222222222222,0.6021283467548505,-0.046666666666666745
933,774258626,0.5644444444444445,0.5644444444444445,0.5865128003614332,-0.0444444444444444
934,680844288,0.5357142857142857,0.5357142857142857,0.6422893359180999,-0.011904761904761973
935,572661645,0.5357142857142856,0.5357142857142856,0.5584366939275582,0.03303571428571417
936,617010721,0.5515037593984963,0.5515037593984963,0.613062932982889,0.048120300751879674
937,774588572,0.5555555555555556,0.5555555555555556,0.5406346895217866,-0.03111111111111109
938,572118894,0.5524193548387096,0.5524193548387096,0.545184735604147,0.07437275985663078
939,620533797,0.5321637426900585,0.5321637426900585,0.6291801288034177,0.020467836257309968
940,617631185,0.5425646551724138,0.5425646551724138,0.627146546576127,0.032327586206896575
941,774620167,0.6088888888888889,0.6088888888888889,0.5871020491732858,0.026666666666666727
942,774260344,0.5355555555555556,0.5355555555555556,0.574323993869271,-0.0822222222222222
943,572164834,0.4807347670250896,0.4807347670250896,0.5097201451097091,0.0008960573476702871
944,572723377,0.5089285714285714,0.5089285714285714,0.6191716731305373,0.0071428571428571175
945,620591648,0.5314327485380118,0.5314327485380118,0.5852283732335042,0.013157894736842257
946,774588679,0.5833333333333334,0.5833333333333334,0.6031042731597211,-0.07456140350877183
947,572710446,0.4964285714285714,0.4964285714285714,0.5478969179883195,-0.008928571428571452
948,572710446,0.5151785714285714,0.5151785714285714,0.5850935778737302,0.009821428571428537
949,572659799,0.52134724857685,0.52134724857685,0.5703698768712366,0.016129032258064502
950,571829234,0.540719696969697,0.540719696969697,0.5450467146328788,0.02367424242424243
951,572663312,0.5270398481973434,0.5270398481973434,0.5580952049077385,0.013282732447817858
952,620480535,0.5255847953216375,0.5255847953216375,0.6509512832302703,0.00877192982456143
953,572274038,0.5258928571428572,0.5258928571428572,0.5764151663281804,0.017857142857142905
954,572687246,0.5294642857142857,0.5294642857142857,0.6354460747566055,0.024107142857142883
955,574186282,0.5119236883942766,0.5119236883942766,0.47773760002664906,0.0031796502384737746
956,572713811,0.5223214285714286,0.5223214285714286,0.5605249820074676,0.019642857142857184
957,572759324,0.5,0.5,0.5284731485965398,-0.0071428571428571175
958,774266796,0.5466666666666666,0.5466666666666666,0.5246594374321841,-0.06222222222222229
959,617639585,0.5523809523809524,0.5523809523809524,0.6909056334596976,-0.004761904761904745
960,573777039,0.5285714285714286,0.5285714285714286,0.5584411596192805,-0.02619047619047621
961,571827697,0.5097623089983022,0.5097623089983022,0.5364880524003313,0.0628183361629881
962,572710446,0.5258928571428572,0.5258928571428572,0.5881953486119184,0.020535714285714324
963,620591648,0.5285087719298246,0.5285087719298246,0.5924529060629206,0.01023391812865504
964,570755878,0.6089743589743589,0.6089743589743589,0.6484802985267731,0.019230769230769162
965,571173535,0.5222222222222221,0.5222222222222221,0.620782163241444,0.029629629629629506
966,571827697,0.5462648556876061,0.5462648556876061,0.499080594065035,0.09932088285229196
967,774616816,0.5688888888888889,0.5688888888888889,0.5281631740694493,-0.05777777777777782
968,570814567,0.5555555555555556,0.5555555555555556,0.7582331024692043,0.06203703703703706
969,572659799,0.5507590132827325,0.5507590132827325,0.6855074956326295,0.04554079696394697
970,617631185,0.5447198275862069,0.5447198275862069,0.6472804664200921,0.03448275862068961
971,587271561,0.5083333333333334,0.5083333333333334,0.5289489554650786,-0.015476190476190421
972,573777039,0.530952380952381,0.530952380952381,0.5889759902643856,-0.023809523809523836
973,572759324,0.5169642857142857,0.5169642857142857,0.5227155703324269,0.009821428571428537
974,620591648,0.5526315789473685,0.5526315789473685,0.6675857930836621,0.03435672514619892
975,572266708,0.4901785714285714,0.4901785714285714,0.4615522701070962,-0.005357142857142838
976,572228782,0.4973214285714285,0.4973214285714285,0.5783218025943465,-0.008035714285714313
977,572710446,0.5187499999999999,0.5187499999999999,0.6405162161975144,0.013392857142857095
978,573612979,0.5366071428571428,0.5366071428571428,0.5523406815940292,0.02857142857142858
979,572710446,0.49821428571428567,0.49821428571428567,0.5364990416286086,-0.007142857142857173
980,572164834,0.5524193548387096,0.5524193548387096,0.5350137939064915,0.07258064516129031
981,570817138,0.5472222222222222,0.5472222222222222,0.6183667047617767,0.06296296296296294
982,572180043,0.48790322580645157,0.48790322580645157,0.5835941981115346,0.0017921146953404632
983,710784968,0.55,0.55,0.5713673427483847,-0.01666666666666672
984,774616590,0.5377777777777778,0.5377777777777778,0.5832629311530338,-0.07999999999999996
985,572166969,0.5361904761904761,0.5361904761904761,0.47665968563695216,0.06285714285714278
986,774260344,0.5777777777777777,0.5777777777777777,0.6103414419533808,-0.040000000000000036
987,572570072,0.5330357142857143,0.5330357142857143,0.5785632934927397,0.022321428571428603
988,680844288,0.5404761904761904,0.5404761904761904,0.6915272216237485,-0.0071428571428572285
989,574186282,0.5206677265500795,0.5206677265500795,0.5412529154481698,0.01192368839427671
990,574186282,0.5206677265500795,0.5206677265500795,0.6141742246738842,0.01192368839427671
991,573677309,0.5410714285714285,0.5410714285714285,0.5565483318648687,0.03125
992,774605807,0.6022222222222222,0.6022222222222222,0.5679573058550422,-0.00666666666666671
993,571173535,0.5166666666666666,0.5166666666666666,0.5588320071538626,0.02407407407407397
994,573777420,0.5236842105263159,0.5236842105263159,0.5374927948866196,0.016541353383458635
995,572661645,0.5151785714285714,0.5151785714285714,0.5182213014160206,0.012499999999999956
996,572713811,0.5205357142857142,0.5205357142857142,0.5637748434182082,0.017857142857142794
997,573777039,0.55,0.55,0.5984091908412639,-0.004761904761904745
998,573732851,0.5160714285714285,0.5160714285714285,0.4980198114492883,0.01785714285714285
999,572164834,0.5058243727598566,0.5058243727598566,0.508212579109353,0.02598566308243727
